,femaDeclarationString,disasterNumber,state,declarationType,declarationDate,fyDeclared,incidentType,declarationTitle,ihProgramDeclared,iaProgramDeclared,paProgramDeclared,hmProgramDeclared,incidentBeginDate,incidentEndDate,disasterCloseoutDate,tribalRequest,fipsStateCode,fipsCountyCode,placeCode,designatedArea,declarationRequestNumber,lastIAFilingDate,lastRefresh,hash,id
0,DR-753-WV,753,WV,DR,1985-11-07T00:00:00.000Z,1986,Flood,SEVERE STORMS & FLOODING,False,True,True,False,1985-11-03T00:00:00.000Z,1985-11-07T00:00:00.000Z,1996-09-16T00:00:00.000Z,False,54,093,99093,Tucker (County),85070,,2023-05-22T03:41:22.800Z,9dfee3e6323327959bb1566eacf6881c8c8e6a1d,2833b4a9-80b9-41a4-90ed-41b6bfd81b71
1,DR-753-WV,753,WV,DR,1985-11-07T00:00:00.000Z,1986,Flood,SEVERE STORMS & FLOODING,False,True,True,False,1985-11-03T00:00:00.000Z,1985-11-07T00:00:00.000Z,1996-09-16T00:00:00.000Z,False,54,095,99095,Tyler (County),85070,,2023-05-22T03:41:22.800Z,9ea5699d12dd46c316b032c9601b56866057e488,7f640c39-abd7-4f94-afcf-f241f6ab365d
2,DR-753-WV,753,WV,DR,1985-11-07T00:00:00.000Z,1986,Flood,SEVERE STORMS & FLOODING,False,True,True,False,1985-11-03T00:00:00.000Z,1985-11-07T00:00:00.000Z,1996-09-16T00:00:00.000Z,False,54,097,99097,Upshur (County),85070,,2023-05-22T03:41:22.800Z,2607959074345c01cc98b2812e2e30b1e61f7580,3120e21f-ddc9-421d-ba3e-a8da18b1a0bd
3,DR-753-WV,753,WV,DR,1985-11-07T00:00:00.000Z,1986,Flood,SEVERE STORMS & FLOODING,False,True,True,False,1985-11-03T00:00:00.000Z,1985-11-07T00:00:00.000Z,1996-09-16T00:00:00.000Z,False,54,101,99101,Webster (County),85070,,2023-05-22T03:41:22.800Z,ad5f88fa116b0c496034862086f33b3b4dd48d81,51d16715-82ef-4bbf-b5d8-9996831242a1
4,DR-706-WV,706,WV,DR,1984-05-15T00:00:00.000Z,1984,Flood,SEVERE STORMS & FLOODING,False,True,False,False,1984-05-15T00:00:00.000Z,1984-05-15T00:00:00.000Z,1991-06-11T00:00:00.000Z,False,54,045,99045,Logan (County),84035,,2023-05-22T03:41:22.800Z,de7f9373dc7c6a4eb719d40340eaa0c44f3a0bfb,378d7cab-d278-406b-9380-a9bad2b26429
5,DR-706-WV,706,WV,DR,1984-05-15T00:00:00.000Z,1984,Flood,SEVERE STORMS & FLOODING,False,True,False,False,1984-05-15T00:00:00.000Z,1984-05-15T00:00:00.000Z,1991-06-11T00:00:00.000Z,False,54,047,99047,McDowell (County),84035,,2023-05-22T03:41:22.800Z,0fbdd4d6876c2902d61f532919d2b172ecc60d8a,c8c8b27c-8037-4741-80af-918871241e79
6,DR-706-WV,706,WV,DR,1984-05-15T00:00:00.000Z,1984,Flood,SEVERE STORMS & FLOODING,False,True,False,False,1984-05-15T00:00:00.000Z,1984-05-15T00:00:00.000Z,1991-06-11T00:00:00.000Z,False,54,099,99099,Wayne (County),84035,,2023-05-22T03:41:22.800Z,2fc24cced34853fb417402cc378b945bca4b38dd,82916a17-4b1d-48c9-9d61-2880c300678b
7,DR-706-WV,706,WV,DR,1984-05-15T00:00:00.000Z,1984,Flood,SEVERE STORMS & FLOODING,False,True,True,False,1984-05-15T00:00:00.000Z,1984-05-15T00:00:00.000Z,1991-06-11T00:00:00.000Z,False,54,059,99059,Mingo (County),84035,,2023-05-22T03:41:22.800Z,16c3e455839b91955131befef616baf207014110,ed8d32d7-8fb2-4d49-9eca-91c7160de1b2
8,DR-628-WV,628,WV,DR,1980-08-15T00:00:00.000Z,1980,Flood,SEVERE STORMS & FLOODING,False,True,False,False,1980-08-15T00:00:00.000Z,1980-08-22T00:00:00.000Z,1991-06-11T00:00:00.000Z,False,54,019,99019,Fayette (County),80063,,2023-05-22T03:41:22.800Z,1e371e782ca88fd23447f4e982aff96de26d0951,f6aec1a6-1d9f-4618-a85b-93fac8a8e226
9,DR-628-WV,628,WV,DR,1980-08-15T00:00:00.000Z,1980,Flood,SEVERE STORMS & FLOODING,False,True,False,False,1980-08-15T00:00:00.000Z,1980-08-22T00:00:00.000Z,1991-06-11T00:00:00.000Z,False,54,067,99067,Nicholas (County),80063,,2023-05-22T03:41:22.800Z,58a0fd49906526896ac69057f2da78ade3efb45f,38bfef9a-b573-407d-8f47-a534e89fe8e3
10,DR-628-WV,628,WV,DR,1980-08-15T00:00:00.000Z,1980,Flood,SEVERE STORMS & FLOODING,False,True,False,False,1980-08-15T00:00:00.000Z,1980-08-22T00:00:00.000Z,1991-06-11T00:00:00.000Z,False,54,081,99081,Raleigh (County),80063,,2023-05-22T03:41:22.800Z,142f5ab66f51567b069ace18ca171f972245628a,baea8575-d741-41df-a121-03e12af2f0ee
11,DR-628-WV,628,WV,DR,1980-08-15T00:00:00.000Z,1980,Flood,SEVERE STORMS & FLOODING,False,True,True,False,1980-08-15T00:00:00.000Z,1980-08-22T00:00:00.000Z,1991-06-11T00:00:00.000Z,False,54,029,99029,Hancock (County),80063,,2023-05-22T03:41:22.800Z,789e5bd71f6c62ff90e528abbc32bb521ea35e24,bab448c5-0e5a-4c30-99ff-16cdca5e26fb
12,DR-628-WV,628,WV,DR,1980-08-15T00:00:00.000Z,1980,Flood,SEVERE STORMS & FLOODING,False,True,True,False,1980-08-15T00:00:00.000Z,1980-08-22T00:00:00.000Z,1991-06-11T00:00:00.000Z,False,54,033,99033,Harrison (County),80063,,2023-05-22T03:41:22.800Z,ea6fbc371a9356229a2f75fd304102f1537092f7,513f96c1-d381-4e49-aecd-e2e022ce1029
13,DR-628-WV,628,WV,DR,1980-08-15T00:00:00.000Z,1980,Flood,SEVERE STORMS & FLOODING,False,True,True,False,1980-08-15T00:00:00.000Z,1980-08-22T00:00:00.000Z,1991-06-11T00:00:00.000Z,False,54,035,99035,Jackson (County),80063,,2023-05-22T03:41:22.800Z,3789615680ebf51d1af9a50d3a97a53614246894,e42c105e-71ef-428f-9f8c-252a33bb218c
14,DR-628-WV,628,WV,DR,1980-08-15T00:00:00.000Z,1980,Flood,SEVERE STORMS & FLOODING,False,True,True,False,1980-08-15T00:00:00.000Z,1980-08-22T00:00:00.000Z,1991-06-11T00:00:00.000Z,False,54,039,99039,Kanawha (County),80063,,2023-05-22T03:41:22.800Z,3ab62886f127fefc919902dd13057374730728af,65926489-f837-4c98-a9ae-df490366077e
15,DR-628-WV,628,WV,DR,1980-08-15T00:00:00.000Z,1980,Flood,SEVERE STORMS & FLOODING,False,True,True,False,1980-08-15T00:00:00.000Z,1980-08-22T00:00:00.000Z,1991-06-11T00:00:00.000Z,False,54,049,99049,Marion (County),80063,,2023-05-22T03:41:22.800Z,04aabd64fa0f450e867150b7876b3166187c5cf5,f68a8612-793a-48b1-802b-592d299f385d
16,DR-628-WV,628,WV,DR,1980-08-15T00:00:00.000Z,1980,Flood,SEVERE STORMS & FLOODING,False,True,True,False,1980-08-15T00:00:00.000Z,1980-08-22T00:00:00.000Z,1991-06-11T00:00:00.000Z,False,54,051,99051,Marshall (County),80063,,2023-05-22T03:41:22.800Z,42eb0ddb056fce1b91afd4450105e35cb37c1b62,d6b22459-9462-41c7-b75b-61626a04dd83
17,DR-628-WV,628,WV,DR,1980-08-15T00:00:00.000Z,1980,Flood,SEVERE STORMS & FLOODING,False,True,True,False,1980-08-15T00:00:00.000Z,1980-08-22T00:00:00.000Z,1991-06-11T00:00:00.000Z,False,54,061,99061,Monongalia (County),80063,,2023-05-22T03:41:22.800Z,1f5725d8b421193c3250c9662fa1b9eee9d29876,91414ebc-6bae-4c8c-b9fc-b38a173205ef
18,DR-628-WV,628,WV,DR,1980-08-15T00:00:00.000Z,1980,Flood,SEVERE STORMS & FLOODING,False,True,True,False,1980-08-15T00:00:00.000Z,1980-08-22T00:00:00.000Z,1991-06-11T00:00:00.000Z,False,54,069,99069,Ohio (County),80063,,2023-05-22T03:41:22.800Z,bccbb62ca83f492306b6518181263d05d0deefc3,cc73bf7c-34a6-4d98-aeec-4ad60ea817e2
19,DR-628-WV,628,WV,DR,1980-08-15T00:00:00.000Z,1980,Flood,SEVERE STORMS & FLOODING,False,True,True,False,1980-08-15T00:00:00.000Z,1980-08-22T00:00:00.000Z,1991-06-11T00:00:00.000Z,False,54,077,99077,Preston (County),80063,,2023-05-22T03:41:22.800Z,def301b780bee77dfa68015c057027082b8a9c36,37f8773c-a97c-4a15-a77f-6e1451a4a719
20,DR-628-WV,628,WV,DR,1980-08-15T00:00:00.000Z,1980,Flood,SEVERE STORMS & FLOODING,False,True,True,False,1980-08-15T00:00:00.000Z,1980-08-22T00:00:00.000Z,1991-06-11T00:00:00.000Z,False,54,079,99079,Putnam (County),80063,,2023-05-22T03:41:22.800Z,79603afc869a8bed885a4cd32ee55f79e2e4a413,e1725558-a08c-4471-9d32-16d79c839e72
21,DR-628-WV,628,WV,DR,1980-08-15T00:00:00.000Z,1980,Flood,SEVERE STORMS & FLOODING,False,True,True,False,1980-08-15T00:00:00.000Z,1980-08-22T00:00:00.000Z,1991-06-11T00:00:00.000Z,False,54,091,99091,Taylor (County),80063,,2023-05-22T03:41:22.800Z,ac009479c0c63f7bde1540b2388b25c3f10d28c3,83d72dda-add4-4ac9-a9be-191b529e26f4
22,DR-628-WV,628,WV,DR,1980-08-15T00:00:00.000Z,1980,Flood,SEVERE STORMS & FLOODING,False,True,True,False,1980-08-15T00:00:00.000Z,1980-08-22T00:00:00.000Z,1991-06-11T00:00:00.000Z,False,54,101,99101,Webster (County),80063,,2023-05-22T03:41:22.800Z,11d9859b1d403846eda6c5327c8e25433df88870,3416734b-c3bc-45f3-a8d2-f082fa7c7652
23,DR-569-WV,569,WV,DR,1978-12-14T00:00:00.000Z,1979,Flood,SEVERE STORMS & FLOODING,False,True,True,False,1978-12-14T00:00:00.000Z,1978-12-14T00:00:00.000Z,1992-10-30T00:00:00.000Z,False,54,011,99011,Cabell (County),79007,,2023-05-22T03:41:22.800Z,a5b27f867fba03a04bae946c3fa107c104c7bc95,3aba00fd-220f-45f9-989a-2c9d45802111
24,DR-569-WV,569,WV,DR,1978-12-14T00:00:00.000Z,1979,Flood,SEVERE STORMS & FLOODING,False,True,True,False,1978-12-14T00:00:00.000Z,1978-12-14T00:00:00.000Z,1992-10-30T00:00:00.000Z,False,54,035,99035,Jackson (County),79007,,2023-05-22T03:41:22.800Z,d5673ad31aaaa3748da4da3f4dcedc0b7e4361cc,9da9f767-160a-49fc-84db-cc21dd0653ad
25,DR-569-WV,569,WV,DR,1978-12-14T00:00:00.000Z,1979,Flood,SEVERE STORMS & FLOODING,False,True,True,False,1978-12-14T00:00:00.000Z,1978-12-14T00:00:00.000Z,1992-10-30T00:00:00.000Z,False,54,043,99043,Lincoln (County),79007,,2023-05-22T03:41:22.800Z,b25f8f7a8e76130cc6de179dd4d26b0b261df5d7,9ce056ad-b331-43fb-a9ec-e28818332b2a
26,DR-569-WV,569,WV,DR,1978-12-14T00:00:00.000Z,1979,Flood,SEVERE STORMS & FLOODING,False,True,True,False,1978-12-14T00:00:00.000Z,1978-12-14T00:00:00.000Z,1992-10-30T00:00:00.000Z,False,54,059,99059,Mingo (County),79007,,2023-05-22T03:41:22.800Z,a170c12903c125e793d738ac9cb4264ba3fae0d1,1785db78-25e3-45a4-b25f-58ee0e4787ea
27,DR-569-WV,569,WV,DR,1978-12-14T00:00:00.000Z,1979,Flood,SEVERE STORMS & FLOODING,False,True,True,False,1978-12-14T00:00:00.000Z,1978-12-14T00:00:00.000Z,1992-10-30T00:00:00.000Z,False,54,099,99099,Wayne (County),79007,,2023-05-22T03:41:22.800Z,3d6f078a597bdb586f283e7a9b554290d5d34a51,12a0985f-f51c-434e-a7ac-4dbeb08ac874
28,DR-531-WV,531,WV,DR,1977-04-07T00:00:00.000Z,1977,Flood,SEVERE STORMS & FLOODING,False,True,True,False,1977-04-07T00:00:00.000Z,1977-04-07T00:00:00.000Z,1994-06-30T00:00:00.000Z,False,54,011,99011,Cabell (County),77067,,2023-05-22T03:41:22.800Z,39b4ed0885a35948ef29d454f29ecea9d336b1e6,c031e33f-ac4a-4eb7-9e76-f2b3939a2896
29,DR-531-WV,531,WV,DR,1977-04-07T00:00:00.000Z,1977,Flood,SEVERE STORMS & FLOODING,False,True,True,False,1977-04-07T00:00:00.000Z,1977-04-07T00:00:00.000Z,1994-06-30T00:00:00.000Z,False,54,025,99025,Greenbrier (County),77067,,2023-05-22T03:41:22.800Z,713e9c1e5b71c53c95d3b80d4bc46df2333ee4f7,0cf388fb-b71f-45fb-bd1b-161906bef70f
30,DR-531-WV,531,WV,DR,1977-04-07T00:00:00.000Z,1977,Flood,SEVERE STORMS & FLOODING,False,True,True,False,1977-04-07T00:00:00.000Z,1977-04-07T00:00:00.000Z,1994-06-30T00:00:00.000Z,False,54,043,99043,Lincoln (County),77067,,2023-05-22T03:41:22.800Z,cc071babd8a80757683b7514ffdf3281ae9c3325,cc2eb5a4-3e76-4e52-a82d-baf5ff990fee
31,DR-531-WV,531,WV,DR,1977-04-07T00:00:00.000Z,1977,Flood,SEVERE STORMS & FLOODING,False,True,True,False,1977-04-07T00:00:00.000Z,1977-04-07T00:00:00.000Z,1994-06-30T00:00:00.000Z,False,54,045,99045,Logan (County),77067,,2023-05-22T03:41:22.800Z,d79273bc67e3dbcc0678933bc1a5ea4e5088531f,8ce9297f-7b00-45c9-b6b2-c714de9f2f3b
32,DR-531-WV,531,WV,DR,1977-04-07T00:00:00.000Z,1977,Flood,SEVERE STORMS & FLOODING,False,True,True,False,1977-04-07T00:00:00.000Z,1977-04-07T00:00:00.000Z,1994-06-30T00:00:00.000Z,False,54,047,99047,McDowell (County),77067,,2023-05-22T03:41:22.800Z,1c704ff37734e22dfccb29c5ba5c4e5551b70f13,46038a66-ed8d-4825-bff4-bfea19075b70
33,DR-531-WV,531,WV,DR,1977-04-07T00:00:00.000Z,1977,Flood,SEVERE STORMS & FLOODING,False,True,True,False,1977-04-07T00:00:00.000Z,1977-04-07T00:00:00.000Z,1994-06-30T00:00:00.000Z,False,54,055,99055,Mercer (County),77067,,2023-05-22T03:41:22.800Z,24f635e568756ceee9dd4bc4c103b6409e357f6b,ae9e5365-226e-4724-a112-bf2859cbd7e8
34,DR-531-WV,531,WV,DR,1977-04-07T00:00:00.000Z,1977,Flood,SEVERE STORMS & FLOODING,False,True,True,False,1977-04-07T00:00:00.000Z,1977-04-07T00:00:00.000Z,1994-06-30T00:00:00.000Z,False,54,059,99059,Mingo (County),77067,,2023-05-22T03:41:22.800Z,229d20e0dab30bb1921c3a584e0da272a5d86788,812b526d-e127-44c2-8cc7-11c2ef7364aa
35,DR-531-WV,531,WV,DR,1977-04-07T00:00:00.000Z,1977,Flood,SEVERE STORMS & FLOODING,False,True,True,False,1977-04-07T00:00:00.000Z,1977-04-07T00:00:00.000Z,1994-06-30T00:00:00.000Z,False,54,081,99081,Raleigh (County),77067,,2023-05-22T03:41:22.800Z,93c22f7d1f88acc2bccc644a08aecf88784c2815,fd07eed4-ab96-4c86-824f-c2085646899f
36,DR-531-WV,531,WV,DR,1977-04-07T00:00:00.000Z,1977,Flood,SEVERE STORMS & FLOODING,False,True,True,False,1977-04-07T00:00:00.000Z,1977-04-07T00:00:00.000Z,1994-06-30T00:00:00.000Z,False,54,089,99089,Summers (County),77067,,2023-05-22T03:41:22.800Z,3eeb76ee95f3cefb172a909e071a26fb2908e373,ff264969-4397-48e2-bd7a-3dda981e523f
37,DR-531-WV,531,WV,DR,1977-04-07T00:00:00.000Z,1977,Flood,SEVERE STORMS & FLOODING,False,True,True,False,1977-04-07T00:00:00.000Z,1977-04-07T00:00:00.000Z,1994-06-30T00:00:00.000Z,False,54,099,99099,Wayne (County),77067,,2023-05-22T03:41:22.800Z,94f259c16ac64b895871371f4243ba1d91a08d5f,57775515-ee55-43fb-94fa-9924bca21948
38,DR-531-WV,531,WV,DR,1977-04-07T00:00:00.000Z,1977,Flood,SEVERE STORMS & FLOODING,False,True,True,False,1977-04-07T00:00:00.000Z,1977-04-07T00:00:00.000Z,1994-06-30T00:00:00.000Z,False,54,109,99109,Wyoming (County),77067,,2023-05-22T03:41:22.800Z,4e8bbdc2e30b7e7f27ea833c40336bedd0f0b67f,a49ce6b4-8f4d-455f-beb1-fe30b1f15ef4
39,DR-481-WV,481,WV,DR,1975-09-12T00:00:00.000Z,1975,Flood,HEAVY RAINS & FLOODING,False,True,True,False,1975-09-12T00:00:00.000Z,1975-09-12T00:00:00.000Z,1984-05-04T00:00:00.000Z,False,54,051,99051,Marshall (County),76011,,2023-05-22T03:41:22.800Z,9a4fa37122ce2d824fcc9fa669f6ef435da25ae7,b6c4b1d3-7bc7-4a32-90aa-5b9ed41e0ab8
40,DR-481-WV,481,WV,DR,1975-09-12T00:00:00.000Z,1975,Flood,HEAVY RAINS & FLOODING,False,True,True,False,1975-09-12T00:00:00.000Z,1975-09-12T00:00:00.000Z,1984-05-04T00:00:00.000Z,False,54,069,99069,Ohio (County),76011,,2023-05-22T03:41:22.800Z,821085493c80902a1e78c5ed9b9ca2dedd257014,a3734db4-798c-4e36-a6b2-a79357e0ff56
41,DR-426-WV,426,WV,DR,1974-04-11T00:00:00.000Z,1974,Flood,SEVERE STORMS & FLOODING,False,True,False,False,1974-04-11T00:00:00.000Z,1974-04-11T00:00:00.000Z,1977-06-30T00:00:00.000Z,False,54,019,99019,Fayette (County),74032,,2023-05-22T03:41:22.800Z,0b93bd9672025d7dedb16265cfa6aa05dea32dd8,24b81e29-ca12-479e-9bec-b63f234691e6
42,DR-426-WV,426,WV,DR,1974-04-11T00:00:00.000Z,1974,Flood,SEVERE STORMS & FLOODING,False,True,False,False,1974-04-11T00:00:00.000Z,1974-04-11T00:00:00.000Z,1977-06-30T00:00:00.000Z,False,54,025,99025,Greenbrier (County),74032,,2023-05-22T03:41:22.800Z,d55117ca1ec0300ffb38978619bb90abea605130,a14dd108-3edc-43c6-a8b0-8b973fc9567f
43,DR-426-WV,426,WV,DR,1974-04-11T00:00:00.000Z,1974,Flood,SEVERE STORMS & FLOODING,False,True,False,False,1974-04-11T00:00:00.000Z,1974-04-11T00:00:00.000Z,1977-06-30T00:00:00.000Z,False,54,081,99081,Raleigh (County),74032,,2023-05-22T03:41:22.800Z,13d9cf5b02733e9723fca96ededbc7e63c2c8b01,c5e6348e-d994-441e-97bc-cb1ae6f29568
44,DR-426-WV,426,WV,DR,1974-04-11T00:00:00.000Z,1974,Flood,SEVERE STORMS & FLOODING,False,True,False,False,1974-04-11T00:00:00.000Z,1974-04-11T00:00:00.000Z,1977-06-30T00:00:00.000Z,False,54,109,99109,Wyoming (County),74032,,2023-05-22T03:41:22.800Z,c05aeb60be40cd2305c812e10733d46ceecce7ce,0fa2f510-f38d-43a9-8807-e38b7d8a69d6
45,DR-416-WV,416,WV,DR,1974-01-29T00:00:00.000Z,1974,Flood,SEVERE STORMS & FLOODING,False,True,True,False,1974-01-29T00:00:00.000Z,1974-01-29T00:00:00.000Z,1980-06-26T00:00:00.000Z,False,54,039,99039,Kanawha (County),74006,,2023-05-22T03:41:22.800Z,75a7e23e9b4b8f4fddf1a15e8cc841bffdb965d4,e76e6629-6b9e-4bdb-83f6-f3a0709e8985
46,DR-416-WV,416,WV,DR,1974-01-29T00:00:00.000Z,1974,Flood,SEVERE STORMS & FLOODING,False,True,True,False,1974-01-29T00:00:00.000Z,1974-01-29T00:00:00.000Z,1980-06-26T00:00:00.000Z,False,54,043,99043,Lincoln (County),74006,,2023-05-22T03:41:22.800Z,717d8ff1f37223f847d2110c21181f83acb486b2,ed850bc0-750e-4fad-a205-e48e7aeec4e8
47,DR-416-WV,416,WV,DR,1974-01-29T00:00:00.000Z,1974,Flood,SEVERE STORMS & FLOODING,False,True,True,False,1974-01-29T00:00:00.000Z,1974-01-29T00:00:00.000Z,1980-06-26T00:00:00.000Z,False,54,045,99045,Logan (County),74006,,2023-05-22T03:41:22.800Z,5948ed3de1e98baf8d2e67ee04ed5a806beefad0,f53e3ed9-6020-4e9a-ba7b-424c6ae7195b
48,DR-416-WV,416,WV,DR,1974-01-29T00:00:00.000Z,1974,Flood,SEVERE STORMS & FLOODING,False,True,True,False,1974-01-29T00:00:00.000Z,1974-01-29T00:00:00.000Z,1980-06-26T00:00:00.000Z,False,54,059,99059,Mingo (County),74006,,2023-05-22T03:41:22.800Z,3ecb2922171a653ef20b17b354274bebd5c1b933,e4f7897a-3eed-4b84-b9df-54a9c6a007a5
49,DR-416-WV,416,WV,DR,1974-01-29T00:00:00.000Z,1974,Flood,SEVERE STORMS & FLOODING,False,True,True,False,1974-01-29T00:00:00.000Z,1974-01-29T00:00:00.000Z,1980-06-26T00:00:00.000Z,False,54,099,99099,Wayne (County),74006,,2023-05-22T03:41:22.800Z,d99a04e9316ad8ae78367cc3a11ae2afb400c1d0,8555e62d-1a0e-4557-b6d3-46a7d8ddccf8
50,DR-349-WV,349,WV,DR,1972-08-23T00:00:00.000Z,1972,Flood,HEAVY RAINS & FLOODING,False,True,True,False,1972-08-23T00:00:00.000Z,1972-08-23T00:00:00.000Z,1980-06-26T00:00:00.000Z,False,54,045,99045,Logan (County),72048,,2023-05-22T03:41:22.800Z,4dc1461dd6066c2c573979040c058736cf576ecb,37b6738d-18e6-44c4-931c-93d0fc6a9258
51,DR-349-WV,349,WV,DR,1972-08-23T00:00:00.000Z,1972,Flood,HEAVY RAINS & FLOODING,False,True,True,False,1972-08-23T00:00:00.000Z,1972-08-23T00:00:00.000Z,1980-06-26T00:00:00.000Z,False,54,047,99047,McDowell (County),72048,,2023-05-22T03:41:22.800Z,4cd148416bf46012512969e4a96e7567ad0a3317,f53efa31-ee77-47af-a6e9-e3cce0bbed15
52,DR-349-WV,349,WV,DR,1972-08-23T00:00:00.000Z,1972,Flood,HEAVY RAINS & FLOODING,False,True,True,False,1972-08-23T00:00:00.000Z,1972-08-23T00:00:00.000Z,1980-06-26T00:00:00.000Z,False,54,059,99059,Mingo (County),72048,,2023-05-22T03:41:22.800Z,23c1b98d22f6015a07591ad1692a004661b3552e,c67cd090-2c17-45f5-b28a-0c5e5d37bd16
53,DR-349-WV,349,WV,DR,1972-08-23T00:00:00.000Z,1972,Flood,HEAVY RAINS & FLOODING,False,True,True,False,1972-08-23T00:00:00.000Z,1972-08-23T00:00:00.000Z,1980-06-26T00:00:00.000Z,False,54,109,99109,Wyoming (County),72048,,2023-05-22T03:41:22.800Z,da108217b88a1776cefd2dd636170ec5dae6adb1,2d81add2-5f5d-45b7-a669-c076a988e1e0
54,DR-344-WV,344,WV,DR,1972-07-03T00:00:00.000Z,1972,Flood,TROPICAL STORM AGNES,False,True,True,False,1972-07-03T00:00:00.000Z,1972-07-03T00:00:00.000Z,1978-04-25T00:00:00.000Z,False,54,001,99001,Barbour (County),72040,,2023-05-22T03:41:22.800Z,25a03345bf3b5b256e202f0d194de33fe122692c,2fe92a1b-6bdc-46db-aed1-a6b9d7d4ca89
55,DR-344-WV,344,WV,DR,1972-07-03T00:00:00.000Z,1972,Flood,TROPICAL STORM AGNES,False,True,True,False,1972-07-03T00:00:00.000Z,1972-07-03T00:00:00.000Z,1978-04-25T00:00:00.000Z,False,54,003,99003,Berkeley (County),72040,,2023-05-22T03:41:22.800Z,7a6e398961e1bda238f9cc8fa7538f471c82e6db,3609dd23-4519-4385-8006-535fb9ea861a
56,DR-344-WV,344,WV,DR,1972-07-03T00:00:00.000Z,1972,Flood,TROPICAL STORM AGNES,False,True,True,False,1972-07-03T00:00:00.000Z,1972-07-03T00:00:00.000Z,1978-04-25T00:00:00.000Z,False,54,009,99009,Brooke (County),72040,,2023-05-22T03:41:22.800Z,4c51c2e8279b61619c3f2f7e927919ca03190e28,d5de8b1f-0f1c-4451-81b1-c9f541e62d1c
57,DR-344-WV,344,WV,DR,1972-07-03T00:00:00.000Z,1972,Flood,TROPICAL STORM AGNES,False,True,True,False,1972-07-03T00:00:00.000Z,1972-07-03T00:00:00.000Z,1978-04-25T00:00:00.000Z,False,54,025,99025,Greenbrier (County),72040,,2023-05-22T03:41:22.800Z,2e2a02f67caa326478370f9152ab3bf086b451b8,9f53d9e1-4ef0-42f8-b7f2-bca101375e1f
58,DR-344-WV,344,WV,DR,1972-07-03T00:00:00.000Z,1972,Flood,TROPICAL STORM AGNES,False,True,True,False,1972-07-03T00:00:00.000Z,1972-07-03T00:00:00.000Z,1978-04-25T00:00:00.000Z,False,54,027,99027,Hampshire (County),72040,,2023-05-22T03:41:22.800Z,01bd0963be7dd67428ef2a62414b456b9b79d88e,3dd39b18-da7a-423b-92e8-903a2fce0402
59,DR-344-WV,344,WV,DR,1972-07-03T00:00:00.000Z,1972,Flood,TROPICAL STORM AGNES,False,True,True,False,1972-07-03T00:00:00.000Z,1972-07-03T00:00:00.000Z,1978-04-25T00:00:00.000Z,False,54,029,99029,Hancock (County),72040,,2023-05-22T03:41:22.800Z,e3e2551786e6f201a45ad75000b7fe81cb6791e1,290eb632-e8f8-4a7f-8d2d-46895967ed41
60,DR-344-WV,344,WV,DR,1972-07-03T00:00:00.000Z,1972,Flood,TROPICAL STORM AGNES,False,True,True,False,1972-07-03T00:00:00.000Z,1972-07-03T00:00:00.000Z,1978-04-25T00:00:00.000Z,False,54,031,99031,Hardy (County),72040,,2023-05-22T03:41:22.800Z,e688889ad704a70440d1b346b01af4a7345864b4,f0ecee90-e565-4279-bf16-b08bfb0bbdcc
61,DR-344-WV,344,WV,DR,1972-07-03T00:00:00.000Z,1972,Flood,TROPICAL STORM AGNES,False,True,True,False,1972-07-03T00:00:00.000Z,1972-07-03T00:00:00.000Z,1978-04-25T00:00:00.000Z,False,54,037,99037,Jefferson (County),72040,,2023-05-22T03:41:22.800Z,629fd796dc5da71142430566665c83580d08aa35,a163fcd8-9beb-4950-869b-2ee7a42acadf
62,DR-344-WV,344,WV,DR,1972-07-03T00:00:00.000Z,1972,Flood,TROPICAL STORM AGNES,False,True,True,False,1972-07-03T00:00:00.000Z,1972-07-03T00:00:00.000Z,1978-04-25T00:00:00.000Z,False,54,051,99051,Marshall (County),72040,,2023-05-22T03:41:22.800Z,32d10376a96f84a60fef5fc87add99ed3cb638be,54d9cc29-65aa-4af1-a59f-6a54855bc8bc
63,DR-344-WV,344,WV,DR,1972-07-03T00:00:00.000Z,1972,Flood,TROPICAL STORM AGNES,False,True,True,False,1972-07-03T00:00:00.000Z,1972-07-03T00:00:00.000Z,1978-04-25T00:00:00.000Z,False,54,061,99061,Monongalia (County),72040,,2023-05-22T03:41:22.800Z,23b43cd347c9cf37b0583b52aedb526cdd054374,91964247-2164-449e-8726-e25de9980b78
64,DR-344-WV,344,WV,DR,1972-07-03T00:00:00.000Z,1972,Flood,TROPICAL STORM AGNES,False,True,True,False,1972-07-03T00:00:00.000Z,1972-07-03T00:00:00.000Z,1978-04-25T00:00:00.000Z,False,54,063,99063,Monroe (County),72040,,2023-05-22T03:41:22.800Z,81ba71f4483d3a8a0a57c38970bb66ec7fbc4f69,b8060184-0b29-4329-9d82-186f36b3808b
65,DR-344-WV,344,WV,DR,1972-07-03T00:00:00.000Z,1972,Flood,TROPICAL STORM AGNES,False,True,True,False,1972-07-03T00:00:00.000Z,1972-07-03T00:00:00.000Z,1978-04-25T00:00:00.000Z,False,54,065,99065,Morgan (County),72040,,2023-05-22T03:41:22.800Z,f183ab01cd750fabf38771f9e3cb8fba0b57a995,19c23512-f92e-4bc2-94a8-ca3435b5a64b
66,DR-344-WV,344,WV,DR,1972-07-03T00:00:00.000Z,1972,Flood,TROPICAL STORM AGNES,False,True,True,False,1972-07-03T00:00:00.000Z,1972-07-03T00:00:00.000Z,1978-04-25T00:00:00.000Z,False,54,069,99069,Ohio (County),72040,,2023-05-22T03:41:22.800Z,a19543be3a6ccb9b2b3b8fe0e35e8d3a37be2a5c,c939bd02-97aa-462b-9fe9-e4073d55767b
67,DR-344-WV,344,WV,DR,1972-07-03T00:00:00.000Z,1972,Flood,TROPICAL STORM AGNES,False,True,True,False,1972-07-03T00:00:00.000Z,1972-07-03T00:00:00.000Z,1978-04-25T00:00:00.000Z,False,54,077,99077,Preston (County),72040,,2023-05-22T03:41:22.800Z,62835fd69a5f750f0814920383d7d00877a543c1,ad8e2c52-cc96-4d26-a579-009cd0a283a2
68,DR-344-WV,344,WV,DR,1972-07-03T00:00:00.000Z,1972,Flood,TROPICAL STORM AGNES,False,True,True,False,1972-07-03T00:00:00.000Z,1972-07-03T00:00:00.000Z,1978-04-25T00:00:00.000Z,False,54,103,99103,Wetzel (County),72040,,2023-05-22T03:41:22.800Z,be3adad9138c94a19d461724aad22328132f1d33,f30079d1-3fa1-442e-9762-1299e87075e3
69,DR-4517-WV,4517,WV,DR,2020-04-03T00:00:00.000Z,2020,Biological,COVID-19 PANDEMIC,True,False,True,True,2020-01-20T00:00:00.000Z,2023-05-11T00:00:00.000Z,,False,54,001,99001,Barbour (County),20121,2025-09-30T00:00:00.000Z,2023-06-26T16:01:24.896Z,95bcbc4c7cf13a17cbe39a99940c6f34b7a4087c,76bfbf01-c0db-4a3d-84f3-c6fef7dac466
70,DR-4517-WV,4517,WV,DR,2020-04-03T00:00:00.000Z,2020,Biological,COVID-19 PANDEMIC,True,False,True,True,2020-01-20T00:00:00.000Z,2023-05-11T00:00:00.000Z,,False,54,003,99003,Berkeley (County),20121,2025-09-30T00:00:00.000Z,2023-06-26T16:01:24.896Z,0cfbb1ce4e75365662b842cff11f04658d9e8a08,4a5814a9-116c-4a2d-a90d-c8eefb55c72f
71,DR-4517-WV,4517,WV,DR,2020-04-03T00:00:00.000Z,2020,Biological,COVID-19 PANDEMIC,True,False,True,True,2020-01-20T00:00:00.000Z,2023-05-11T00:00:00.000Z,,False,54,005,99005,Boone (County),20121,2025-09-30T00:00:00.000Z,2023-06-26T16:01:24.896Z,f9c7d27e19187ec16fba84ab2c6867f3c3419363,50eb4298-69e4-4383-afe4-b3206d7158ef
72,DR-4517-WV,4517,WV,DR,2020-04-03T00:00:00.000Z,2020,Biological,COVID-19 PANDEMIC,True,False,True,True,2020-01-20T00:00:00.000Z,2023-05-11T00:00:00.000Z,,False,54,007,99007,Braxton (County),20121,2025-09-30T00:00:00.000Z,2023-06-26T16:01:24.896Z,977f384a9971d650526e396b3a611b9c5ecb1cf0,d089172b-5863-4a10-92ce-c8cabb98d22c
73,DR-4517-WV,4517,WV,DR,2020-04-03T00:00:00.000Z,2020,Biological,COVID-19 PANDEMIC,True,False,True,True,2020-01-20T00:00:00.000Z,2023-05-11T00:00:00.000Z,,False,54,009,99009,Brooke (County),20121,2025-09-30T00:00:00.000Z,2023-06-26T16:01:24.896Z,1b39df8de1c63753d1207e5b6c515722a32a0af5,d517a510-0bb5-42d0-9f48-10a99b309eda
74,DR-4517-WV,4517,WV,DR,2020-04-03T00:00:00.000Z,2020,Biological,COVID-19 PANDEMIC,True,False,True,True,2020-01-20T00:00:00.000Z,2023-05-11T00:00:00.000Z,,False,54,011,99011,Cabell (County),20121,2025-09-30T00:00:00.000Z,2023-06-26T16:01:24.896Z,593495caec0291b34d307e51e9550725ebe1c323,455c9183-32fb-47ee-8d62-ee7e4c550fea
75,DR-4517-WV,4517,WV,DR,2020-04-03T00:00:00.000Z,2020,Biological,COVID-19 PANDEMIC,True,False,True,True,2020-01-20T00:00:00.000Z,2023-05-11T00:00:00.000Z,,False,54,013,99013,Calhoun (County),20121,2025-09-30T00:00:00.000Z,2023-06-26T16:01:24.896Z,b0f818e597d6b664a570b9d294a897c30a0ad09b,7b2454d0-061f-44ed-9840-4825a1b91d3c
76,DR-4517-WV,4517,WV,DR,2020-04-03T00:00:00.000Z,2020,Biological,COVID-19 PANDEMIC,True,False,True,True,2020-01-20T00:00:00.000Z,2023-05-11T00:00:00.000Z,,False,54,015,99015,Clay (County),20121,2025-09-30T00:00:00.000Z,2023-06-26T16:01:24.896Z,e16ffa4ca05df7a7dcab16064a3c0ef87db9aa35,e3153d46-b360-4b42-8515-b9886ee06e35
77,DR-4517-WV,4517,WV,DR,2020-04-03T00:00:00.000Z,2020,Biological,COVID-19 PANDEMIC,True,False,True,True,2020-01-20T00:00:00.000Z,2023-05-11T00:00:00.000Z,,False,54,017,99017,Doddridge (County),20121,2025-09-30T00:00:00.000Z,2023-06-26T16:01:24.896Z,0012b0ed377940395c660ba0d3ef0fc048be3c60,c939522c-342e-4710-8df1-6b820caa44c5
78,DR-4517-WV,4517,WV,DR,2020-04-03T00:00:00.000Z,2020,Biological,COVID-19 PANDEMIC,True,False,True,True,2020-01-20T00:00:00.000Z,2023-05-11T00:00:00.000Z,,False,54,019,99019,Fayette (County),20121,2025-09-30T00:00:00.000Z,2023-06-26T16:01:24.896Z,795913debd771c200ac289d86b28437652172764,3adebc48-f9b9-4f54-8ac1-d0b715189561
79,DR-4517-WV,4517,WV,DR,2020-04-03T00:00:00.000Z,2020,Biological,COVID-19 PANDEMIC,True,False,True,True,2020-01-20T00:00:00.000Z,2023-05-11T00:00:00.000Z,,False,54,021,99021,Gilmer (County),20121,2025-09-30T00:00:00.000Z,2023-06-26T16:01:24.896Z,32d4f561ded881a414e508c1fb060bb574081685,0876cc37-b8f3-43e6-8b06-758d957d81a7
80,DR-4517-WV,4517,WV,DR,2020-04-03T00:00:00.000Z,2020,Biological,COVID-19 PANDEMIC,True,False,True,True,2020-01-20T00:00:00.000Z,2023-05-11T00:00:00.000Z,,False,54,023,99023,Grant (County),20121,2025-09-30T00:00:00.000Z,2023-06-26T16:01:24.896Z,70db2da746d5cbf1f184df56402df7fa48113698,9ff3978d-7335-4ede-9527-acb2d3e49e11
81,DR-4517-WV,4517,WV,DR,2020-04-03T00:00:00.000Z,2020,Biological,COVID-19 PANDEMIC,True,False,True,True,2020-01-20T00:00:00.000Z,2023-05-11T00:00:00.000Z,,False,54,025,99025,Greenbrier (County),20121,2025-09-30T00:00:00.000Z,2023-06-26T16:01:24.896Z,0ad602ff7047379dfd7436cb660645fb84c202d3,38c8496a-8621-4b83-8510-313538879aec
82,DR-4517-WV,4517,WV,DR,2020-04-03T00:00:00.000Z,2020,Biological,COVID-19 PANDEMIC,True,False,True,True,2020-01-20T00:00:00.000Z,2023-05-11T00:00:00.000Z,,False,54,027,99027,Hampshire (County),20121,2025-09-30T00:00:00.000Z,2023-06-26T16:01:24.896Z,431f02ba56ed5f6e1eab77788937591d4c7aec21,304a55ae-43bd-4118-83bc-710f927b774a
83,DR-4517-WV,4517,WV,DR,2020-04-03T00:00:00.000Z,2020,Biological,COVID-19 PANDEMIC,True,False,True,True,2020-01-20T00:00:00.000Z,2023-05-11T00:00:00.000Z,,False,54,029,99029,Hancock (County),20121,2025-09-30T00:00:00.000Z,2023-06-26T16:01:24.896Z,b92d6c0ebb3965f642da3268f159159c918169b4,2730a2ff-2b17-4733-8042-d0f5dddf3815
84,DR-4517-WV,4517,WV,DR,2020-04-03T00:00:00.000Z,2020,Biological,COVID-19 PANDEMIC,True,False,True,True,2020-01-20T00:00:00.000Z,2023-05-11T00:00:00.000Z,,False,54,031,99031,Hardy (County),20121,2025-09-30T00:00:00.000Z,2023-06-26T16:01:24.896Z,8009674c35d758e7dc64e6d302ead9b17a7cd90f,bc6734a4-403d-4ebe-b2ab-3764ed9265dd
85,DR-4517-WV,4517,WV,DR,2020-04-03T00:00:00.000Z,2020,Biological,COVID-19 PANDEMIC,True,False,True,True,2020-01-20T00:00:00.000Z,2023-05-11T00:00:00.000Z,,False,54,033,99033,Harrison (County),20121,2025-09-30T00:00:00.000Z,2023-06-26T16:01:24.896Z,38871597b4fa5f70d1947956edddbbad5e06fd56,faf22bf4-9ae9-4ad0-b024-1d528a528a13
86,DR-4517-WV,4517,WV,DR,2020-04-03T00:00:00.000Z,2020,Biological,COVID-19 PANDEMIC,True,False,True,True,2020-01-20T00:00:00.000Z,2023-05-11T00:00:00.000Z,,False,54,035,99035,Jackson (County),20121,2025-09-30T00:00:00.000Z,2023-06-26T16:01:24.896Z,abd87898c04a306f6f17a457bd4748b878b935b4,76fdec8a-a946-4d3c-beca-246ef40c8018
87,DR-4517-WV,4517,WV,DR,2020-04-03T00:00:00.000Z,2020,Biological,COVID-19 PANDEMIC,True,False,True,True,2020-01-20T00:00:00.000Z,2023-05-11T00:00:00.000Z,,False,54,037,99037,Jefferson (County),20121,2025-09-30T00:00:00.000Z,2023-06-26T16:01:24.896Z,c777c7208cf58d2b57121e5c003ebaba57d8537c,f9e98153-f342-45e6-869f-3c774229ef4a
88,DR-4517-WV,4517,WV,DR,2020-04-03T00:00:00.000Z,2020,Biological,COVID-19 PANDEMIC,True,False,True,True,2020-01-20T00:00:00.000Z,2023-05-11T00:00:00.000Z,,False,54,039,99039,Kanawha (County),20121,2025-09-30T00:00:00.000Z,2023-06-26T16:01:24.896Z,81939255a0a18a5af4e813aad043c512d6140874,defbc5cf-37b7-4388-ad66-00f707fbe648
89,DR-4517-WV,4517,WV,DR,2020-04-03T00:00:00.000Z,2020,Biological,COVID-19 PANDEMIC,True,False,True,True,2020-01-20T00:00:00.000Z,2023-05-11T00:00:00.000Z,,False,54,041,99041,Lewis (County),20121,2025-09-30T00:00:00.000Z,2023-06-26T16:01:24.896Z,a1e87ea10617f13e0cd385b7e0614f946ce29277,20b6dcc5-53a0-4943-be05-0fd2aab2823a
90,DR-4517-WV,4517,WV,DR,2020-04-03T00:00:00.000Z,2020,Biological,COVID-19 PANDEMIC,True,False,True,True,2020-01-20T00:00:00.000Z,2023-05-11T00:00:00.000Z,,False,54,043,99043,Lincoln (County),20121,2025-09-30T00:00:00.000Z,2023-06-26T16:01:24.896Z,e10dd97b660184ba3c9d088b9e4b8704fa9d4fd4,309019ab-6280-422a-aad1-124519106de2
91,DR-4517-WV,4517,WV,DR,2020-04-03T00:00:00.000Z,2020,Biological,COVID-19 PANDEMIC,True,False,True,True,2020-01-20T00:00:00.000Z,2023-05-11T00:00:00.000Z,,False,54,045,99045,Logan (County),20121,2025-09-30T00:00:00.000Z,2023-06-26T16:01:24.896Z,dff2c1f82bd528ebbbae0fb766db4918a6bd0861,2b5a0ac1-0b18-48e0-b013-1e9128048889
92,DR-4517-WV,4517,WV,DR,2020-04-03T00:00:00.000Z,2020,Biological,COVID-19 PANDEMIC,True,False,True,True,2020-01-20T00:00:00.000Z,2023-05-11T00:00:00.000Z,,False,54,047,99047,McDowell (County),20121,2025-09-30T00:00:00.000Z,2023-06-26T16:01:24.896Z,fbad171d47bfebaa2a1602c9619e49d230d2d73f,4c6077af-91bb-4570-a604-f7655ebeac7c
93,DR-4517-WV,4517,WV,DR,2020-04-03T00:00:00.000Z,2020,Biological,COVID-19 PANDEMIC,True,False,True,True,2020-01-20T00:00:00.000Z,2023-05-11T00:00:00.000Z,,False,54,049,99049,Marion (County),20121,2025-09-30T00:00:00.000Z,2023-06-26T16:01:24.896Z,95086b69af1eb83ffae98ec98832fb8de0979a8f,cf18e972-cdab-4d7f-b3a5-00f0b6fb9879
94,DR-4517-WV,4517,WV,DR,2020-04-03T00:00:00.000Z,2020,Biological,COVID-19 PANDEMIC,True,False,True,True,2020-01-20T00:00:00.000Z,2023-05-11T00:00:00.000Z,,False,54,051,99051,Marshall (County),20121,2025-09-30T00:00:00.000Z,2023-06-26T16:01:24.896Z,370abe3720d27188dfd4838dea54af7b63c0df4c,fea82bc8-25d3-4867-90ab-8349c0fcfa62
95,DR-4517-WV,4517,WV,DR,2020-04-03T00:00:00.000Z,2020,Biological,COVID-19 PANDEMIC,True,False,True,True,2020-01-20T00:00:00.000Z,2023-05-11T00:00:00.000Z,,False,54,053,99053,Mason (County),20121,2025-09-30T00:00:00.000Z,2023-06-26T16:01:24.896Z,0a6071f101cbcb3ac6e1d527d6b64fc51f38bee8,359d2f45-6699-402c-a8dc-29f1f4421c2c
96,DR-4517-WV,4517,WV,DR,2020-04-03T00:00:00.000Z,2020,Biological,COVID-19 PANDEMIC,True,False,True,True,2020-01-20T00:00:00.000Z,2023-05-11T00:00:00.000Z,,False,54,055,99055,Mercer (County),20121,2025-09-30T00:00:00.000Z,2023-06-26T16:01:24.896Z,c80778738ab54fa4bf4aea226b4c20213de00a0d,ef990445-f24f-4f63-9720-a24e629f57b1
97,DR-4517-WV,4517,WV,DR,2020-04-03T00:00:00.000Z,2020,Biological,COVID-19 PANDEMIC,True,False,True,True,2020-01-20T00:00:00.000Z,2023-05-11T00:00:00.000Z,,False,54,057,99057,Mineral (County),20121,2025-09-30T00:00:00.000Z,2023-06-26T16:01:24.896Z,caf62fc238ec585bdd383f64cf27e4c340ba4661,bb2196f2-7232-4724-8ff2-eb22ad3a56fe
98,DR-4517-WV,4517,WV,DR,2020-04-03T00:00:00.000Z,2020,Biological,COVID-19 PANDEMIC,True,False,True,True,2020-01-20T00:00:00.000Z,2023-05-11T00:00:00.000Z,,False,54,059,99059,Mingo (County),20121,2025-09-30T00:00:00.000Z,2023-06-26T16:01:24.896Z,2a8a0bc2a9f75d41e02c12d3316380ceca08be3a,9031d215-8fbf-4380-928d-a7410cfd44f1
99,DR-4517-WV,4517,WV,DR,2020-04-03T00:00:00.000Z,2020,Biological,COVID-19 PANDEMIC,True,False,True,True,2020-01-20T00:00:00.000Z,2023-05-11T00:00:00.000Z,,False,54,061,99061,Monongalia (County),20121,2025-09-30T00:00:00.000Z,2023-06-26T16:01:24.896Z,fd300248229f993b5d0f5d75ab0642f130813b63,3707c98a-0f31-4df6-8c17-3fc0db696d65
100,DR-4517-WV,4517,WV,DR,2020-04-03T00:00:00.000Z,2020,Biological,COVID-19 PANDEMIC,True,False,True,True,2020-01-20T00:00:00.000Z,2023-05-11T00:00:00.000Z,,False,54,063,99063,Monroe (County),20121,2025-09-30T00:00:00.000Z,2023-06-26T16:01:24.896Z,07ce6f3357c38bf9426f00e070b8cdea702c132a,aa77fd8d-8145-41d7-9aec-3cdfd1b233d5
101,DR-4517-WV,4517,WV,DR,2020-04-03T00:00:00.000Z,2020,Biological,COVID-19 PANDEMIC,True,False,True,True,2020-01-20T00:00:00.000Z,2023-05-11T00:00:00.000Z,,False,54,065,99065,Morgan (County),20121,2025-09-30T00:00:00.000Z,2023-06-26T16:01:24.896Z,5352d8df6f667a89bfa5f85d5dc410cc78724b46,b0bae5a3-7624-4f19-b923-7c207b20fb1b
102,DR-4517-WV,4517,WV,DR,2020-04-03T00:00:00.000Z,2020,Biological,COVID-19 PANDEMIC,True,False,True,True,2020-01-20T00:00:00.000Z,2023-05-11T00:00:00.000Z,,False,54,067,99067,Nicholas (County),20121,2025-09-30T00:00:00.000Z,2023-06-26T16:01:24.896Z,ed6961cc5099a0a2ba015b46faf9dfd27dfe90a3,915fd70f-e592-4aa2-9cb9-e5ff4e226c3c
103,DR-4517-WV,4517,WV,DR,2020-04-03T00:00:00.000Z,2020,Biological,COVID-19 PANDEMIC,True,False,True,True,2020-01-20T00:00:00.000Z,2023-05-11T00:00:00.000Z,,False,54,069,99069,Ohio (County),20121,2025-09-30T00:00:00.000Z,2023-06-26T16:01:24.896Z,0ec0e09953d6c10bad13d70debde392fddf1a7a8,b2358396-2c45-4b8d-9d08-7c732abf5a41
104,DR-4517-WV,4517,WV,DR,2020-04-03T00:00:00.000Z,2020,Biological,COVID-19 PANDEMIC,True,False,True,True,2020-01-20T00:00:00.000Z,2023-05-11T00:00:00.000Z,,False,54,071,99071,Pendleton (County),20121,2025-09-30T00:00:00.000Z,2023-06-26T16:01:24.896Z,ddb98ae597bdf2c441d1f537987c9bfbf2eafc80,2c3397c1-6533-436d-a0ab-6dcc7b44ee7a
105,DR-4517-WV,4517,WV,DR,2020-04-03T00:00:00.000Z,2020,Biological,COVID-19 PANDEMIC,True,False,True,True,2020-01-20T00:00:00.000Z,2023-05-11T00:00:00.000Z,,False,54,073,99073,Pleasants (County),20121,2025-09-30T00:00:00.000Z,2023-06-26T16:01:24.896Z,6b4238b841e326e6f45ba311913144bd23730b93,694754c6-13a3-4e26-b5a9-862daad503b9
106,DR-4517-WV,4517,WV,DR,2020-04-03T00:00:00.000Z,2020,Biological,COVID-19 PANDEMIC,True,False,True,True,2020-01-20T00:00:00.000Z,2023-05-11T00:00:00.000Z,,False,54,075,99075,Pocahontas (County),20121,2025-09-30T00:00:00.000Z,2023-06-26T16:01:24.896Z,d8cd39f3efbb609233982d8f49692946a4e11d58,2f463401-e2f1-4a4e-bc71-ba6adceea95d
107,DR-4517-WV,4517,WV,DR,2020-04-03T00:00:00.000Z,2020,Biological,COVID-19 PANDEMIC,True,False,True,True,2020-01-20T00:00:00.000Z,2023-05-11T00:00:00.000Z,,False,54,077,99077,Preston (County),20121,2025-09-30T00:00:00.000Z,2023-06-26T16:01:24.896Z,cbedf14b11d355c1b11ab3f7ea0650396f2b16f6,67222042-a5fd-4187-9efa-66292606b55c
108,DR-4517-WV,4517,WV,DR,2020-04-03T00:00:00.000Z,2020,Biological,COVID-19 PANDEMIC,True,False,True,True,2020-01-20T00:00:00.000Z,2023-05-11T00:00:00.000Z,,False,54,079,99079,Putnam (County),20121,2025-09-30T00:00:00.000Z,2023-06-26T16:01:24.896Z,9ac00a685444a836a7b578efdd7e9c01040f8fec,d3721ae6-89ad-4fc5-9e19-3fda5afd2f5e
109,DR-4517-WV,4517,WV,DR,2020-04-03T00:00:00.000Z,2020,Biological,COVID-19 PANDEMIC,True,False,True,True,2020-01-20T00:00:00.000Z,2023-05-11T00:00:00.000Z,,False,54,081,99081,Raleigh (County),20121,2025-09-30T00:00:00.000Z,2023-06-26T16:01:24.896Z,b6df20609305a92736b67f5acde51079587a32af,833b80ea-eac8-4a19-b6ec-d1eb262f2759
110,DR-4517-WV,4517,WV,DR,2020-04-03T00:00:00.000Z,2020,Biological,COVID-19 PANDEMIC,True,False,True,True,2020-01-20T00:00:00.000Z,2023-05-11T00:00:00.000Z,,False,54,083,99083,Randolph (County),20121,2025-09-30T00:00:00.000Z,2023-06-26T16:01:24.896Z,09cb93959bf467d003c4361d3ba61732d3e1b47a,da86d972-efef-49a1-86fc-821ea8249f54
111,DR-4517-WV,4517,WV,DR,2020-04-03T00:00:00.000Z,2020,Biological,COVID-19 PANDEMIC,True,False,True,True,2020-01-20T00:00:00.000Z,2023-05-11T00:00:00.000Z,,False,54,085,99085,Ritchie (County),20121,2025-09-30T00:00:00.000Z,2023-06-26T16:01:24.896Z,c06e8b75a162c2138c34f1aabcebac6b695b60d9,0e8591f2-fe76-4c0e-85a6-c9732a350f44
112,DR-4517-WV,4517,WV,DR,2020-04-03T00:00:00.000Z,2020,Biological,COVID-19 PANDEMIC,True,False,True,True,2020-01-20T00:00:00.000Z,2023-05-11T00:00:00.000Z,,False,54,087,99087,Roane (County),20121,2025-09-30T00:00:00.000Z,2023-06-26T16:01:24.896Z,f7b257a6ab8adca2e5ff8e1b2c8687aff1a6357b,f0dd92ec-69d3-4df0-b644-6d87e243b67c
113,DR-4517-WV,4517,WV,DR,2020-04-03T00:00:00.000Z,2020,Biological,COVID-19 PANDEMIC,True,False,True,True,2020-01-20T00:00:00.000Z,2023-05-11T00:00:00.000Z,,False,54,089,99089,Summers (County),20121,2025-09-30T00:00:00.000Z,2023-06-26T16:01:24.896Z,d95cb59fc6341963aa41df7eb3b440e13b4e636f,c7a3f4ee-d623-4fcc-90b1-64080a76c800
114,DR-4517-WV,4517,WV,DR,2020-04-03T00:00:00.000Z,2020,Biological,COVID-19 PANDEMIC,True,False,True,True,2020-01-20T00:00:00.000Z,2023-05-11T00:00:00.000Z,,False,54,091,99091,Taylor (County),20121,2025-09-30T00:00:00.000Z,2023-06-26T16:01:24.896Z,36640a13d9968044939f9cf07d0fb20ed2374efd,39bb9bd4-55fe-4269-8856-5ba3acb39d6e
115,DR-4517-WV,4517,WV,DR,2020-04-03T00:00:00.000Z,2020,Biological,COVID-19 PANDEMIC,True,False,True,True,2020-01-20T00:00:00.000Z,2023-05-11T00:00:00.000Z,,False,54,093,99093,Tucker (County),20121,2025-09-30T00:00:00.000Z,2023-06-26T16:01:24.896Z,626ce31ca2156543f7fe68e4c718e9f1d91864a4,a8a4d441-2533-4bcf-b18c-401818b49265
116,DR-4517-WV,4517,WV,DR,2020-04-03T00:00:00.000Z,2020,Biological,COVID-19 PANDEMIC,True,False,True,True,2020-01-20T00:00:00.000Z,2023-05-11T00:00:00.000Z,,False,54,095,99095,Tyler (County),20121,2025-09-30T00:00:00.000Z,2023-06-26T16:01:24.896Z,25af2fef3e7bf46675987c9ac7d7204299d7d468,6d8fd7d3-42dd-477d-a6fe-412d1918561f
117,DR-4517-WV,4517,WV,DR,2020-04-03T00:00:00.000Z,2020,Biological,COVID-19 PANDEMIC,True,False,True,True,2020-01-20T00:00:00.000Z,2023-05-11T00:00:00.000Z,,False,54,097,99097,Upshur (County),20121,2025-09-30T00:00:00.000Z,2023-06-26T16:01:24.896Z,3572de42bd2194798abb1aa13a91d311f7487530,67acc9a6-d8d0-4c3b-8ed5-91c533d419d3
118,DR-4517-WV,4517,WV,DR,2020-04-03T00:00:00.000Z,2020,Biological,COVID-19 PANDEMIC,True,False,True,True,2020-01-20T00:00:00.000Z,2023-05-11T00:00:00.000Z,,False,54,099,99099,Wayne (County),20121,2025-09-30T00:00:00.000Z,2023-06-26T16:01:24.896Z,06f68941bcc84f7371b4606d94f85e54f52c6577,27f0aa4d-1086-4e98-9857-d978ef62cbf0
119,DR-4517-WV,4517,WV,DR,2020-04-03T00:00:00.000Z,2020,Biological,COVID-19 PANDEMIC,True,False,True,True,2020-01-20T00:00:00.000Z,2023-05-11T00:00:00.000Z,,False,54,101,99101,Webster (County),20121,2025-09-30T00:00:00.000Z,2023-06-26T16:01:24.896Z,4b30b92cb045089ba771943799963c8e505bb869,d03e40ce-2d12-4381-8747-173b3e5e7f8a
120,DR-4517-WV,4517,WV,DR,2020-04-03T00:00:00.000Z,2020,Biological,COVID-19 PANDEMIC,True,False,True,True,2020-01-20T00:00:00.000Z,2023-05-11T00:00:00.000Z,,False,54,103,99103,Wetzel (County),20121,2025-09-30T00:00:00.000Z,2023-06-26T16:01:24.896Z,7be2aab813277c263bf46e9ef0fabcfbb1ea87c8,9f65ab63-5e0a-45bf-9422-abb3c711140e
121,DR-4517-WV,4517,WV,DR,2020-04-03T00:00:00.000Z,2020,Biological,COVID-19 PANDEMIC,True,False,True,True,2020-01-20T00:00:00.000Z,2023-05-11T00:00:00.000Z,,False,54,105,99105,Wirt (County),20121,2025-09-30T00:00:00.000Z,2023-06-26T16:01:24.896Z,b7b779a23f17f59ff643df01bdb409fc37783847,577a7098-848b-468e-9723-0b14a492fdf5
122,DR-4517-WV,4517,WV,DR,2020-04-03T00:00:00.000Z,2020,Biological,COVID-19 PANDEMIC,True,False,True,True,2020-01-20T00:00:00.000Z,2023-05-11T00:00:00.000Z,,False,54,107,99107,Wood (County),20121,2025-09-30T00:00:00.000Z,2023-06-26T16:01:24.896Z,983c735e224993056c29c44ad3c0e11ff49335c4,980b7fe7-722a-4c6c-98cc-d2ac0b106639
123,DR-4517-WV,4517,WV,DR,2020-04-03T00:00:00.000Z,2020,Biological,COVID-19 PANDEMIC,True,False,True,True,2020-01-20T00:00:00.000Z,2023-05-11T00:00:00.000Z,,False,54,109,99109,Wyoming (County),20121,2025-09-30T00:00:00.000Z,2023-06-26T16:01:24.896Z,17ddf71d2c274b166e91bb55149d2c06ba5b9de8,4ce2e152-cc66-4b95-9e1b-c7164a70babb
124,DR-323-WV,323,WV,DR,1972-02-27T00:00:00.000Z,1972,Flood,HEAVY RAINS & FLOODING,False,True,True,False,1972-02-27T00:00:00.000Z,1972-02-27T00:00:00.000Z,1980-06-26T00:00:00.000Z,False,54,005,99005,Boone (County),72010,,2023-05-22T03:41:22.800Z,4f82cfb52725333fa4c7553d2fa4206616c87907,43206335-4b13-4eba-bf59-9a5accede184
125,DR-323-WV,323,WV,DR,1972-02-27T00:00:00.000Z,1972,Flood,HEAVY RAINS & FLOODING,False,True,True,False,1972-02-27T00:00:00.000Z,1972-02-27T00:00:00.000Z,1980-06-26T00:00:00.000Z,False,54,039,99039,Kanawha (County),72010,,2023-05-22T03:41:22.800Z,d5006ab32846e479036bfa5c1324f51738b34188,8e1ab212-7398-449e-931d-542b87fef094
126,DR-323-WV,323,WV,DR,1972-02-27T00:00:00.000Z,1972,Flood,HEAVY RAINS & FLOODING,False,True,True,False,1972-02-27T00:00:00.000Z,1972-02-27T00:00:00.000Z,1980-06-26T00:00:00.000Z,False,54,043,99043,Lincoln (County),72010,,2023-05-22T03:41:22.800Z,f7c70ee9a0fdaa22f22135e6a87f3c1d4c57a0c6,80d9a956-84d7-4f77-b36f-1ee62ff2d831
127,DR-323-WV,323,WV,DR,1972-02-27T00:00:00.000Z,1972,Flood,HEAVY RAINS & FLOODING,False,True,True,False,1972-02-27T00:00:00.000Z,1972-02-27T00:00:00.000Z,1980-06-26T00:00:00.000Z,False,54,045,99045,Logan (County),72010,,2023-05-22T03:41:22.800Z,22a9df1900f6fe16a145d9c882bf39fb447a5daa,e156f1a2-aeb7-41ba-a459-ba6042bb5bc3
128,DR-323-WV,323,WV,DR,1972-02-27T00:00:00.000Z,1972,Flood,HEAVY RAINS & FLOODING,False,True,True,False,1972-02-27T00:00:00.000Z,1972-02-27T00:00:00.000Z,1980-06-26T00:00:00.000Z,False,54,059,99059,Mingo (County),72010,,2023-05-22T03:41:22.800Z,8ffa3d16caa8acf940dc1091c2b4c39c476dbed2,4e8d003d-264c-4462-85a5-3b609563b401
129,DR-323-WV,323,WV,DR,1972-02-27T00:00:00.000Z,1972,Flood,HEAVY RAINS & FLOODING,False,True,True,False,1972-02-27T00:00:00.000Z,1972-02-27T00:00:00.000Z,1980-06-26T00:00:00.000Z,False,54,081,99081,Raleigh (County),72010,,2023-05-22T03:41:22.800Z,bae7108358f0045aa5d38e9385b5da2fddd5e9c0,ae4c4435-c0ec-410f-ad98-19e76badab7b
130,DR-323-WV,323,WV,DR,1972-02-27T00:00:00.000Z,1972,Flood,HEAVY RAINS & FLOODING,False,True,True,False,1972-02-27T00:00:00.000Z,1972-02-27T00:00:00.000Z,1980-06-26T00:00:00.000Z,False,54,109,99109,Wyoming (County),72010,,2023-05-22T03:41:22.800Z,01ddb20efa068ea350471d86affcb62a3ced5e64,b9ee2fe5-af02-439b-abca-ccce5bea9fe0
131,DR-279-WV,279,WV,DR,1969-09-24T00:00:00.000Z,1969,Flood,SEVERE STORMS & FLOODING,False,True,True,False,1969-09-24T00:00:00.000Z,1969-09-24T00:00:00.000Z,1972-05-26T00:00:00.000Z,False,54,025,99025,Greenbrier (County),69042,,2023-05-22T03:41:22.800Z,6f46394089449242303f5ce826defffb8e2173b5,a4dcf304-d3ee-472d-809f-2edbc769909f
132,DR-278-WV,278,WV,DR,1969-09-03T00:00:00.000Z,1969,Hurricane,SEVERE STORMS & FLOODING,False,True,True,False,1969-09-03T00:00:00.000Z,1969-09-03T00:00:00.000Z,1972-05-26T00:00:00.000Z,False,54,025,99025,Greenbrier (County),69041,,2023-05-22T03:41:22.800Z,d0abb2b05343fc07902d352f606d9837680594f2,711c51a6-ed58-4b9c-860f-ddcc428dd199
133,DR-278-WV,278,WV,DR,1969-09-03T00:00:00.000Z,1969,Hurricane,SEVERE STORMS & FLOODING,False,True,True,False,1969-09-03T00:00:00.000Z,1969-09-03T00:00:00.000Z,1972-05-26T00:00:00.000Z,False,54,067,99067,Nicholas (County),69041,,2023-05-22T03:41:22.800Z,36ef4aee3e1c90b5d8893f574ce17f6b7f84126b,e4380a67-3983-47c7-b4b5-628e3f2da505
134,DR-278-WV,278,WV,DR,1969-09-03T00:00:00.000Z,1969,Hurricane,SEVERE STORMS & FLOODING,False,True,True,False,1969-09-03T00:00:00.000Z,1969-09-03T00:00:00.000Z,1972-05-26T00:00:00.000Z,False,54,075,99075,Pocahontas (County),69041,,2023-05-22T03:41:22.800Z,6dbc033177ca4e14affa4870b4cfb2e9fa4d378c,15bc35c3-ebc1-4c25-aa4e-4df8e6f25206
135,DR-224-WV,224,WV,DR,1967-03-13T00:00:00.000Z,1967,Flood,FLOODING,False,True,True,False,1967-03-13T00:00:00.000Z,1967-03-13T00:00:00.000Z,1969-08-11T00:00:00.000Z,False,54,001,99001,Barbour (County),67018,,2023-05-22T03:41:22.800Z,6d73d20b79bb2a0fa3d62877bf1c350c8e1307cb,d8612b8d-c4d1-401f-93f2-04606ebba112
136,DR-224-WV,224,WV,DR,1967-03-13T00:00:00.000Z,1967,Flood,FLOODING,False,True,True,False,1967-03-13T00:00:00.000Z,1967-03-13T00:00:00.000Z,1969-08-11T00:00:00.000Z,False,54,005,99005,Boone (County),67018,,2023-05-22T03:41:22.800Z,b2b851198bb61db0f7b8b10d9ad0b8ec7533f907,ad4e36a3-796a-48bc-a610-dc2fdc51adb5
137,DR-224-WV,224,WV,DR,1967-03-13T00:00:00.000Z,1967,Flood,FLOODING,False,True,True,False,1967-03-13T00:00:00.000Z,1967-03-13T00:00:00.000Z,1969-08-11T00:00:00.000Z,False,54,007,99007,Braxton (County),67018,,2023-05-22T03:41:22.800Z,2cbda73a039ce1f737d6c48d30c737b61d154cc6,7848e24b-45c9-404a-90f9-84d6a75503e8
138,DR-224-WV,224,WV,DR,1967-03-13T00:00:00.000Z,1967,Flood,FLOODING,False,True,True,False,1967-03-13T00:00:00.000Z,1967-03-13T00:00:00.000Z,1969-08-11T00:00:00.000Z,False,54,011,99011,Cabell (County),67018,,2023-05-22T03:41:22.800Z,fc8701d3fb51ed6d19412ff6b9a6cd5ad1d9ee20,56e7df88-5c65-4f63-9aca-d1b896054810
139,DR-224-WV,224,WV,DR,1967-03-13T00:00:00.000Z,1967,Flood,FLOODING,False,True,True,False,1967-03-13T00:00:00.000Z,1967-03-13T00:00:00.000Z,1969-08-11T00:00:00.000Z,False,54,013,99013,Calhoun (County),67018,,2023-05-22T03:41:22.800Z,647f12d181f7598ae5bff45d1c93d7ccc4b6e2d0,0a4fd7d6-3668-429c-8843-ce8d046ac3a1
140,DR-224-WV,224,WV,DR,1967-03-13T00:00:00.000Z,1967,Flood,FLOODING,False,True,True,False,1967-03-13T00:00:00.000Z,1967-03-13T00:00:00.000Z,1969-08-11T00:00:00.000Z,False,54,015,99015,Clay (County),67018,,2023-05-22T03:41:22.800Z,2061b504f2459d0312d6f6b040a0b81233ab8baf,2feb8648-109d-4d59-8a0e-166a24756977
141,DR-224-WV,224,WV,DR,1967-03-13T00:00:00.000Z,1967,Flood,FLOODING,False,True,True,False,1967-03-13T00:00:00.000Z,1967-03-13T00:00:00.000Z,1969-08-11T00:00:00.000Z,False,54,017,99017,Doddridge (County),67018,,2023-05-22T03:41:22.800Z,9f962a670235d1db2a3a794a94ab430dd2fa3668,45ed5f7f-d6d2-4a74-81e8-421e0c8384dd
142,DR-224-WV,224,WV,DR,1967-03-13T00:00:00.000Z,1967,Flood,FLOODING,False,True,True,False,1967-03-13T00:00:00.000Z,1967-03-13T00:00:00.000Z,1969-08-11T00:00:00.000Z,False,54,019,99019,Fayette (County),67018,,2023-05-22T03:41:22.800Z,0e6e8259804994e9eaf1d9fffb434f372d3bf66b,37584ad6-eefc-4c43-9148-cabb6739f931
143,DR-224-WV,224,WV,DR,1967-03-13T00:00:00.000Z,1967,Flood,FLOODING,False,True,True,False,1967-03-13T00:00:00.000Z,1967-03-13T00:00:00.000Z,1969-08-11T00:00:00.000Z,False,54,021,99021,Gilmer (County),67018,,2023-05-22T03:41:22.800Z,892f13df90930aafafe9d3cd454f33d35a35432b,27183e0b-20a3-4fe6-90b4-bed5d1eef07e
144,DR-224-WV,224,WV,DR,1967-03-13T00:00:00.000Z,1967,Flood,FLOODING,False,True,True,False,1967-03-13T00:00:00.000Z,1967-03-13T00:00:00.000Z,1969-08-11T00:00:00.000Z,False,54,025,99025,Greenbrier (County),67018,,2023-05-22T03:41:22.800Z,d96fae8b6424e4961c4c39a2ad8a9d6e238aa900,a9fd52f6-be5a-4614-b68a-38381692399f
145,DR-224-WV,224,WV,DR,1967-03-13T00:00:00.000Z,1967,Flood,FLOODING,False,True,True,False,1967-03-13T00:00:00.000Z,1967-03-13T00:00:00.000Z,1969-08-11T00:00:00.000Z,False,54,027,99027,Hampshire (County),67018,,2023-05-22T03:41:22.800Z,5b1c4d246c68a8c375e3ece40994766de66c45df,4d341900-df89-4bf5-8561-8c8422f6a626
146,DR-224-WV,224,WV,DR,1967-03-13T00:00:00.000Z,1967,Flood,FLOODING,False,True,True,False,1967-03-13T00:00:00.000Z,1967-03-13T00:00:00.000Z,1969-08-11T00:00:00.000Z,False,54,031,99031,Hardy (County),67018,,2023-05-22T03:41:22.800Z,ac63cffe766bdf820571a3ee24b7ae80379f8708,f48d859b-3e56-46fd-a2ce-80cdd519e840
147,DR-224-WV,224,WV,DR,1967-03-13T00:00:00.000Z,1967,Flood,FLOODING,False,True,True,False,1967-03-13T00:00:00.000Z,1967-03-13T00:00:00.000Z,1969-08-11T00:00:00.000Z,False,54,033,99033,Harrison (County),67018,,2023-05-22T03:41:22.800Z,095359f02f206c6f34e1a2b058281243819693f0,e689ca25-776c-4933-abde-841748a6b9b0
148,DR-224-WV,224,WV,DR,1967-03-13T00:00:00.000Z,1967,Flood,FLOODING,False,True,True,False,1967-03-13T00:00:00.000Z,1967-03-13T00:00:00.000Z,1969-08-11T00:00:00.000Z,False,54,035,99035,Jackson (County),67018,,2023-05-22T03:41:22.800Z,b225b6bf0909a6d3d8a9582076b4549d0e7fea62,79c5287d-9cc1-4eb8-a932-d35d04c7a331
149,DR-224-WV,224,WV,DR,1967-03-13T00:00:00.000Z,1967,Flood,FLOODING,False,True,True,False,1967-03-13T00:00:00.000Z,1967-03-13T00:00:00.000Z,1969-08-11T00:00:00.000Z,False,54,039,99039,Kanawha (County),67018,,2023-05-22T03:41:22.800Z,97b2013e7b2fa3741c675e9dfa16f36c474f394d,fb3fe699-f29f-4cff-849b-e007daa3abbb
150,DR-224-WV,224,WV,DR,1967-03-13T00:00:00.000Z,1967,Flood,FLOODING,False,True,True,False,1967-03-13T00:00:00.000Z,1967-03-13T00:00:00.000Z,1969-08-11T00:00:00.000Z,False,54,041,99041,Lewis (County),67018,,2023-05-22T03:41:22.800Z,869be6370d171daf3e83418b17de27d1f6040390,58cad863-8e39-4ace-985b-50b9aaf423d5
151,DR-224-WV,224,WV,DR,1967-03-13T00:00:00.000Z,1967,Flood,FLOODING,False,True,True,False,1967-03-13T00:00:00.000Z,1967-03-13T00:00:00.000Z,1969-08-11T00:00:00.000Z,False,54,043,99043,Lincoln (County),67018,,2023-05-22T03:41:22.800Z,299b6aee312edee898b69e9b17926fcf3ee3a5b6,aac80faf-62b7-48e3-a46a-062ba05322f4
152,DR-224-WV,224,WV,DR,1967-03-13T00:00:00.000Z,1967,Flood,FLOODING,False,True,True,False,1967-03-13T00:00:00.000Z,1967-03-13T00:00:00.000Z,1969-08-11T00:00:00.000Z,False,54,045,99045,Logan (County),67018,,2023-05-22T03:41:22.800Z,f397e7d6eefe7948c5560416e2b65ef60839e01d,7ee8bd2a-233d-46ff-9c8d-147588eea876
153,DR-224-WV,224,WV,DR,1967-03-13T00:00:00.000Z,1967,Flood,FLOODING,False,True,True,False,1967-03-13T00:00:00.000Z,1967-03-13T00:00:00.000Z,1969-08-11T00:00:00.000Z,False,54,049,99049,Marion (County),67018,,2023-05-22T03:41:22.800Z,79693d679799b44bb769314381af7db1fc756ae4,e44069f7-0fcb-46c2-9185-d798b8073552
154,DR-224-WV,224,WV,DR,1967-03-13T00:00:00.000Z,1967,Flood,FLOODING,False,True,True,False,1967-03-13T00:00:00.000Z,1967-03-13T00:00:00.000Z,1969-08-11T00:00:00.000Z,False,54,053,99053,Mason (County),67018,,2023-05-22T03:41:22.800Z,e85e7c8321df58aaa620c01931fe6a1532073a25,c44b258e-80af-4e54-bb3b-c08246a052fa
155,DR-224-WV,224,WV,DR,1967-03-13T00:00:00.000Z,1967,Flood,FLOODING,False,True,True,False,1967-03-13T00:00:00.000Z,1967-03-13T00:00:00.000Z,1969-08-11T00:00:00.000Z,False,54,055,99055,Mercer (County),67018,,2023-05-22T03:41:22.800Z,27d0387009b12281edf4a4f42dbce7b99eb3bbf5,b5427a6e-4a2b-4c9c-a982-bbfa43be4f9c
156,DR-224-WV,224,WV,DR,1967-03-13T00:00:00.000Z,1967,Flood,FLOODING,False,True,True,False,1967-03-13T00:00:00.000Z,1967-03-13T00:00:00.000Z,1969-08-11T00:00:00.000Z,False,54,057,99057,Mineral (County),67018,,2023-05-22T03:41:22.800Z,d31ca95dd8825c189f93242dd30a6a2214403161,035f7853-c3b0-495e-a40f-365f98b93fa2
157,DR-224-WV,224,WV,DR,1967-03-13T00:00:00.000Z,1967,Flood,FLOODING,False,True,True,False,1967-03-13T00:00:00.000Z,1967-03-13T00:00:00.000Z,1969-08-11T00:00:00.000Z,False,54,059,99059,Mingo (County),67018,,2023-05-22T03:41:22.800Z,ff1fc8e17dcd7f05b50fa40f4104253922e980e9,a6602e82-9bd9-4130-922a-398eee56e8fc
158,DR-224-WV,224,WV,DR,1967-03-13T00:00:00.000Z,1967,Flood,FLOODING,False,True,True,False,1967-03-13T00:00:00.000Z,1967-03-13T00:00:00.000Z,1969-08-11T00:00:00.000Z,False,54,063,99063,Monroe (County),67018,,2023-05-22T03:41:22.800Z,b89b8f3531a5a03a931ac95ddfbd4ddb61c17d19,2377a271-490b-4b55-a478-950e391a8b6e
159,DR-224-WV,224,WV,DR,1967-03-13T00:00:00.000Z,1967,Flood,FLOODING,False,True,True,False,1967-03-13T00:00:00.000Z,1967-03-13T00:00:00.000Z,1969-08-11T00:00:00.000Z,False,54,067,99067,Nicholas (County),67018,,2023-05-22T03:41:22.800Z,9e87c6a013ab61fcc5f2bdcf23a3047da836cecb,9e6f0078-c0be-4fea-81ce-61aed6eba045
160,DR-224-WV,224,WV,DR,1967-03-13T00:00:00.000Z,1967,Flood,FLOODING,False,True,True,False,1967-03-13T00:00:00.000Z,1967-03-13T00:00:00.000Z,1969-08-11T00:00:00.000Z,False,54,075,99075,Pocahontas (County),67018,,2023-05-22T03:41:22.800Z,5f5fbb5a43eeabf23bb6eb31b053dc98ae036923,5a2f921e-c75b-49d4-b5f1-585b6b8b7599
161,DR-224-WV,224,WV,DR,1967-03-13T00:00:00.000Z,1967,Flood,FLOODING,False,True,True,False,1967-03-13T00:00:00.000Z,1967-03-13T00:00:00.000Z,1969-08-11T00:00:00.000Z,False,54,079,99079,Putnam (County),67018,,2023-05-22T03:41:22.800Z,bb2694aff3b34da4b26e1c23810ed85bad1d42cf,ba8eb3ab-b8d2-4cd6-a425-2317804a633d
162,DR-224-WV,224,WV,DR,1967-03-13T00:00:00.000Z,1967,Flood,FLOODING,False,True,True,False,1967-03-13T00:00:00.000Z,1967-03-13T00:00:00.000Z,1969-08-11T00:00:00.000Z,False,54,081,99081,Raleigh (County),67018,,2023-05-22T03:41:22.800Z,7b052b6b1f2edc6f26fcce2b17d57f1f5d9f97cc,ac647a7d-719d-4db9-a0e5-3fb41ef9301f
163,DR-224-WV,224,WV,DR,1967-03-13T00:00:00.000Z,1967,Flood,FLOODING,False,True,True,False,1967-03-13T00:00:00.000Z,1967-03-13T00:00:00.000Z,1969-08-11T00:00:00.000Z,False,54,083,99083,Randolph (County),67018,,2023-05-22T03:41:22.800Z,65bbc7e5de9500fec135eb5ef8c8b84657a86a26,1e329878-673c-4f3a-afc2-1cabd9642b13
164,DR-224-WV,224,WV,DR,1967-03-13T00:00:00.000Z,1967,Flood,FLOODING,False,True,True,False,1967-03-13T00:00:00.000Z,1967-03-13T00:00:00.000Z,1969-08-11T00:00:00.000Z,False,54,089,99089,Summers (County),67018,,2023-05-22T03:41:22.800Z,e906f9a6b17f3e69ef1611693d0d6e48f81147c4,412195b5-fe36-4296-b815-615c72d13f80
165,DR-224-WV,224,WV,DR,1967-03-13T00:00:00.000Z,1967,Flood,FLOODING,False,True,True,False,1967-03-13T00:00:00.000Z,1967-03-13T00:00:00.000Z,1969-08-11T00:00:00.000Z,False,54,093,99093,Tucker (County),67018,,2023-05-22T03:41:22.800Z,e9acab084167495cc9b97e952bf67faedf4ecf81,14558c2b-bec1-4d40-8d57-1aa1d86a4df5
166,DR-224-WV,224,WV,DR,1967-03-13T00:00:00.000Z,1967,Flood,FLOODING,False,True,True,False,1967-03-13T00:00:00.000Z,1967-03-13T00:00:00.000Z,1969-08-11T00:00:00.000Z,False,54,097,99097,Upshur (County),67018,,2023-05-22T03:41:22.800Z,9efd443fad62dab82203d5fd8d92b1aeaee33dc2,325baaf7-bcc6-4a4c-8d80-545aa3ed5379
167,DR-224-WV,224,WV,DR,1967-03-13T00:00:00.000Z,1967,Flood,FLOODING,False,True,True,False,1967-03-13T00:00:00.000Z,1967-03-13T00:00:00.000Z,1969-08-11T00:00:00.000Z,False,54,099,99099,Wayne (County),67018,,2023-05-22T03:41:22.800Z,bfff5b326dee52ae8a34a636114bcba6231ea970,eddf72f9-cdbd-46f0-bd45-6e36971d36d7
168,DR-224-WV,224,WV,DR,1967-03-13T00:00:00.000Z,1967,Flood,FLOODING,False,True,True,False,1967-03-13T00:00:00.000Z,1967-03-13T00:00:00.000Z,1969-08-11T00:00:00.000Z,False,54,105,99105,Wirt (County),67018,,2023-05-22T03:41:22.800Z,4320994e474dc870a770bca46273d6b6cf2a5b2e,0ad7f851-f755-439a-8089-36fec1613d34
169,DR-224-WV,224,WV,DR,1967-03-13T00:00:00.000Z,1967,Flood,FLOODING,False,True,True,False,1967-03-13T00:00:00.000Z,1967-03-13T00:00:00.000Z,1969-08-11T00:00:00.000Z,False,54,107,99107,Wood (County),67018,,2023-05-22T03:41:22.800Z,5805fe67ebe0b5fa30c7017fa314dbc627099b06,26ef578c-febc-481a-a54b-0109e9bb7e0d
170,DR-224-WV,224,WV,DR,1967-03-13T00:00:00.000Z,1967,Flood,FLOODING,False,True,True,False,1967-03-13T00:00:00.000Z,1967-03-13T00:00:00.000Z,1969-08-11T00:00:00.000Z,False,54,109,99109,Wyoming (County),67018,,2023-05-22T03:41:22.800Z,0de159c3552535dcc1756b49f6273d5c5699c41e,634e810b-01e0-4034-b2be-fc0ac1543e47
171,DR-165-WV,165,WV,DR,1964-03-20T00:00:00.000Z,1964,Flood,SEVERE STORMS & FLOODING,False,True,True,True,1964-03-20T00:00:00.000Z,1964-03-20T00:00:00.000Z,1966-07-27T00:00:00.000Z,False,54,000,0,Statewide,64012,,2023-05-22T03:41:22.800Z,46fd1afc26c69bd7e18ea476b61dc81ef6a3abbf,35b261b7-04f2-4806-82fc-b4c195ca2c38
172,DR-147-WV,147,WV,DR,1963-03-13T00:00:00.000Z,1963,Flood,SEVERE STORMS & FLOODING,False,True,True,True,1963-03-13T00:00:00.000Z,1963-03-13T00:00:00.000Z,1969-08-08T00:00:00.000Z,False,54,000,0,Statewide,63017,,2023-05-22T03:41:22.800Z,9b108cc905502e3c43beb725962511254e7af26a,90854212-e25e-4993-9a3c-b5ef68f0f2d2
173,DR-125-WV,125,WV,DR,1962-03-09T00:00:00.000Z,1962,Flood,"SEVERE STORM, HIGH TIDES & FLOODING",False,True,True,True,1962-03-09T00:00:00.000Z,1962-03-09T00:00:00.000Z,1964-06-23T00:00:00.000Z,False,54,000,0,Statewide,62010,,2023-05-22T03:41:22.800Z,18a2ed3b2748f07cacf65091050cab8fa4b9819e,add51a5e-40d3-4a9f-8702-5a05cd9aaae2
174,DR-117-WV,117,WV,DR,1961-07-23T00:00:00.000Z,1961,Flood,FLOODS,False,True,True,True,1961-07-23T00:00:00.000Z,1961-07-23T00:00:00.000Z,1963-03-22T00:00:00.000Z,False,54,000,0,Statewide,61017,,2023-05-22T03:41:22.800Z,da803278e35058f256348d244ac65275d80e5acc,64a61421-5dda-4862-b627-64d297c5fe95
175,DR-67-WV,67,WV,DR,1957-01-31T00:00:00.000Z,1957,Flood,FLOOD,False,True,True,True,1957-01-31T00:00:00.000Z,1957-01-31T00:00:00.000Z,1959-10-01T00:00:00.000Z,False,54,000,0,Statewide,57013,,2023-05-22T03:41:22.800Z,8e497d3ed756d35ecc06242b41cf2dd9714c56e1,00482f18-f9c4-4e6d-9d45-091b19a682b0
176,DR-21-WV,21,WV,DR,1954-08-04T00:00:00.000Z,1954,Flood,FLOOD,False,True,True,True,1954-08-04T00:00:00.000Z,1954-08-04T00:00:00.000Z,1957-05-01T00:00:00.000Z,False,54,000,0,Statewide,54007,,2023-05-22T03:41:22.800Z,fe51f54889b0be3175d0cfd421529c28b4964daf,6b8111bd-3ad0-4f5f-bb59-0e57cb241d62
177,EM-3450-WV,3450,WV,EM,2020-03-13T00:00:00.000Z,2020,Biological,COVID-19 ,False,False,True,False,2020-01-20T00:00:00.000Z,2023-05-11T00:00:00.000Z,2020-09-30T00:00:00.000Z,False,54,001,99001,Barbour (County),20052,,2023-09-28T23:41:12.686Z,afbf1d4e7f92bcb6dbeae7cb620ec4b071ec6722,d0613729-2ffc-4978-b7ca-89cc52352468
178,EM-3450-WV,3450,WV,EM,2020-03-13T00:00:00.000Z,2020,Biological,COVID-19 ,False,False,True,False,2020-01-20T00:00:00.000Z,2023-05-11T00:00:00.000Z,2020-09-30T00:00:00.000Z,False,54,003,99003,Berkeley (County),20052,,2023-09-28T23:41:12.686Z,4c2daf3aeeefb1ab96155226f323912c0606ad7e,6f194555-727e-46ea-aeb2-f87790c8b82f
179,EM-3450-WV,3450,WV,EM,2020-03-13T00:00:00.000Z,2020,Biological,COVID-19 ,False,False,True,False,2020-01-20T00:00:00.000Z,2023-05-11T00:00:00.000Z,2020-09-30T00:00:00.000Z,False,54,005,99005,Boone (County),20052,,2023-09-28T23:41:12.686Z,e69a55d3ed10b232281a00da2e65fdf45adc4dbf,e1bc1269-d125-4208-ae58-748100c197de
180,EM-3450-WV,3450,WV,EM,2020-03-13T00:00:00.000Z,2020,Biological,COVID-19 ,False,False,True,False,2020-01-20T00:00:00.000Z,2023-05-11T00:00:00.000Z,2020-09-30T00:00:00.000Z,False,54,007,99007,Braxton (County),20052,,2023-09-28T23:41:12.686Z,99e8d11109518baa7e54d6daf90f38b2ef94bee0,114385b8-9e38-4a5e-94b0-7b8ef0e42378
181,EM-3450-WV,3450,WV,EM,2020-03-13T00:00:00.000Z,2020,Biological,COVID-19 ,False,False,True,False,2020-01-20T00:00:00.000Z,2023-05-11T00:00:00.000Z,2020-09-30T00:00:00.000Z,False,54,009,99009,Brooke (County),20052,,2023-09-28T23:41:12.686Z,13a95c300d736d492335288de0dbac65c64327af,62d526cf-b5ac-4b60-890c-d6a976b16c04
182,EM-3450-WV,3450,WV,EM,2020-03-13T00:00:00.000Z,2020,Biological,COVID-19 ,False,False,True,False,2020-01-20T00:00:00.000Z,2023-05-11T00:00:00.000Z,2020-09-30T00:00:00.000Z,False,54,011,99011,Cabell (County),20052,,2023-09-28T23:41:12.686Z,22fe17e87263a6ef33fdb2e00ffca2b911568c75,58485f9e-e3bc-40d5-8c94-596b9fa4eefc
183,EM-3450-WV,3450,WV,EM,2020-03-13T00:00:00.000Z,2020,Biological,COVID-19 ,False,False,True,False,2020-01-20T00:00:00.000Z,2023-05-11T00:00:00.000Z,2020-09-30T00:00:00.000Z,False,54,013,99013,Calhoun (County),20052,,2023-09-28T23:41:12.686Z,3a6fc7263004eaf5f1f570b7748315530781bced,d968f36a-7b3c-4c3c-9c05-fba10c2ea45a
184,EM-3450-WV,3450,WV,EM,2020-03-13T00:00:00.000Z,2020,Biological,COVID-19 ,False,False,True,False,2020-01-20T00:00:00.000Z,2023-05-11T00:00:00.000Z,2020-09-30T00:00:00.000Z,False,54,015,99015,Clay (County),20052,,2023-09-28T23:41:12.686Z,40ce122a234e3b89956ac6150faaf61de38a743d,89c2c16f-cb79-4757-80b3-e7d5612da9c6
185,EM-3450-WV,3450,WV,EM,2020-03-13T00:00:00.000Z,2020,Biological,COVID-19 ,False,False,True,False,2020-01-20T00:00:00.000Z,2023-05-11T00:00:00.000Z,2020-09-30T00:00:00.000Z,False,54,017,99017,Doddridge (County),20052,,2023-09-28T23:41:12.686Z,9f3c40282ce03a6a6d5aae9fdeea843b4f7a9ae4,00fe42d8-18d9-4710-a547-4b18da8abfd1
186,EM-3450-WV,3450,WV,EM,2020-03-13T00:00:00.000Z,2020,Biological,COVID-19 ,False,False,True,False,2020-01-20T00:00:00.000Z,2023-05-11T00:00:00.000Z,2020-09-30T00:00:00.000Z,False,54,019,99019,Fayette (County),20052,,2023-09-28T23:41:12.686Z,ce8b941be3e1d6f61ff359ba10b9103fd597e325,895ce679-5708-4178-9377-23534fe7b326
187,EM-3450-WV,3450,WV,EM,2020-03-13T00:00:00.000Z,2020,Biological,COVID-19 ,False,False,True,False,2020-01-20T00:00:00.000Z,2023-05-11T00:00:00.000Z,2020-09-30T00:00:00.000Z,False,54,021,99021,Gilmer (County),20052,,2023-09-28T23:41:12.686Z,55c15771a9fbf1250d1f508e0c74d906ea1836e9,492b1f41-c949-41e0-bfea-cb554bd552f1
188,EM-3450-WV,3450,WV,EM,2020-03-13T00:00:00.000Z,2020,Biological,COVID-19 ,False,False,True,False,2020-01-20T00:00:00.000Z,2023-05-11T00:00:00.000Z,2020-09-30T00:00:00.000Z,False,54,023,99023,Grant (County),20052,,2023-09-28T23:41:12.686Z,b035fc850c074ea34dae750749d72d9dafcadaa1,17b53cd3-0744-4c62-9ba8-4bd4d62f60dc
189,EM-3450-WV,3450,WV,EM,2020-03-13T00:00:00.000Z,2020,Biological,COVID-19 ,False,False,True,False,2020-01-20T00:00:00.000Z,2023-05-11T00:00:00.000Z,2020-09-30T00:00:00.000Z,False,54,025,99025,Greenbrier (County),20052,,2023-09-28T23:41:12.686Z,89271df15c9aa90a78304aef26f9b584a2c049bc,77e566be-6fdd-4896-9a1a-120da6304654
190,EM-3450-WV,3450,WV,EM,2020-03-13T00:00:00.000Z,2020,Biological,COVID-19 ,False,False,True,False,2020-01-20T00:00:00.000Z,2023-05-11T00:00:00.000Z,2020-09-30T00:00:00.000Z,False,54,027,99027,Hampshire (County),20052,,2023-09-28T23:41:12.686Z,a0238650eff7f8aa7f97c57e79c883a12089a418,8115229b-f95c-43cd-a620-53d0ce87f764
191,EM-3450-WV,3450,WV,EM,2020-03-13T00:00:00.000Z,2020,Biological,COVID-19 ,False,False,True,False,2020-01-20T00:00:00.000Z,2023-05-11T00:00:00.000Z,2020-09-30T00:00:00.000Z,False,54,029,99029,Hancock (County),20052,,2023-09-28T23:41:12.686Z,a7855e8cb479596f5a995f3ae6eae292e1b24cfe,246584af-1170-444c-bad2-cd66612d88ce
192,EM-3450-WV,3450,WV,EM,2020-03-13T00:00:00.000Z,2020,Biological,COVID-19 ,False,False,True,False,2020-01-20T00:00:00.000Z,2023-05-11T00:00:00.000Z,2020-09-30T00:00:00.000Z,False,54,031,99031,Hardy (County),20052,,2023-09-28T23:41:12.686Z,4c495fd4f6cb9e4daca44ae056b7eee96d597433,858703f8-4619-49e7-96fe-54ec4b4e688c
193,EM-3450-WV,3450,WV,EM,2020-03-13T00:00:00.000Z,2020,Biological,COVID-19 ,False,False,True,False,2020-01-20T00:00:00.000Z,2023-05-11T00:00:00.000Z,2020-09-30T00:00:00.000Z,False,54,033,99033,Harrison (County),20052,,2023-09-28T23:41:12.686Z,c95fcc0d8b832fb16e505ca46ec5147ac2d7a226,9e3d18f6-da61-4665-b96b-0cbf3e104cd7
194,EM-3450-WV,3450,WV,EM,2020-03-13T00:00:00.000Z,2020,Biological,COVID-19 ,False,False,True,False,2020-01-20T00:00:00.000Z,2023-05-11T00:00:00.000Z,2020-09-30T00:00:00.000Z,False,54,035,99035,Jackson (County),20052,,2023-09-28T23:41:12.686Z,eb13f3a7265b478ac2bd27bb116f25ed716d46c1,4c125d3d-2101-40dc-98d9-0fd07e9c7bcc
195,EM-3450-WV,3450,WV,EM,2020-03-13T00:00:00.000Z,2020,Biological,COVID-19 ,False,False,True,False,2020-01-20T00:00:00.000Z,2023-05-11T00:00:00.000Z,2020-09-30T00:00:00.000Z,False,54,037,99037,Jefferson (County),20052,,2023-09-28T23:41:12.686Z,95b9ab0f502d40aa2a6092bdddabaa96f537fbf1,eb41c265-91cc-4b0f-891c-3cc4c9290839
196,EM-3450-WV,3450,WV,EM,2020-03-13T00:00:00.000Z,2020,Biological,COVID-19 ,False,False,True,False,2020-01-20T00:00:00.000Z,2023-05-11T00:00:00.000Z,2020-09-30T00:00:00.000Z,False,54,039,99039,Kanawha (County),20052,,2023-09-28T23:41:12.686Z,581f8f60d54f9f63299f86706832573124ead2ae,84d58190-07e6-4bd3-94e2-3dd0ae142391
197,EM-3450-WV,3450,WV,EM,2020-03-13T00:00:00.000Z,2020,Biological,COVID-19 ,False,False,True,False,2020-01-20T00:00:00.000Z,2023-05-11T00:00:00.000Z,2020-09-30T00:00:00.000Z,False,54,041,99041,Lewis (County),20052,,2023-09-28T23:41:12.686Z,311b916e3dbc63b198fef7e70b66a3044e99da8d,c81fd9ef-4ac4-4f33-abc6-b35b091b45c1
198,EM-3450-WV,3450,WV,EM,2020-03-13T00:00:00.000Z,2020,Biological,COVID-19 ,False,False,True,False,2020-01-20T00:00:00.000Z,2023-05-11T00:00:00.000Z,2020-09-30T00:00:00.000Z,False,54,043,99043,Lincoln (County),20052,,2023-09-28T23:41:12.686Z,60a0fa4f2d024d285359166beb5d91c842868b08,ef01e3a6-8281-43cc-b53e-519e2e39f364
199,EM-3450-WV,3450,WV,EM,2020-03-13T00:00:00.000Z,2020,Biological,COVID-19 ,False,False,True,False,2020-01-20T00:00:00.000Z,2023-05-11T00:00:00.000Z,2020-09-30T00:00:00.000Z,False,54,045,99045,Logan (County),20052,,2023-09-28T23:41:12.686Z,7ebda17d42a16f5fcf18390a2bb4869a414828a4,08a8080f-0ea6-4e7e-b074-89a31904dfe0
200,EM-3450-WV,3450,WV,EM,2020-03-13T00:00:00.000Z,2020,Biological,COVID-19 ,False,False,True,False,2020-01-20T00:00:00.000Z,2023-05-11T00:00:00.000Z,2020-09-30T00:00:00.000Z,False,54,047,99047,McDowell (County),20052,,2023-09-28T23:41:12.686Z,200871675e3d4b38bdb3aedbb5ae1af313d98ec9,de5e04ec-882f-4d0f-9011-8c2867147787
201,EM-3450-WV,3450,WV,EM,2020-03-13T00:00:00.000Z,2020,Biological,COVID-19 ,False,False,True,False,2020-01-20T00:00:00.000Z,2023-05-11T00:00:00.000Z,2020-09-30T00:00:00.000Z,False,54,049,99049,Marion (County),20052,,2023-09-28T23:41:12.686Z,e341299d087a49a1355c7c74a4d7152cc921becf,bc71baa0-d812-4a54-858a-f14b151f9048
202,EM-3450-WV,3450,WV,EM,2020-03-13T00:00:00.000Z,2020,Biological,COVID-19 ,False,False,True,False,2020-01-20T00:00:00.000Z,2023-05-11T00:00:00.000Z,2020-09-30T00:00:00.000Z,False,54,051,99051,Marshall (County),20052,,2023-09-28T23:41:12.686Z,c696239da0ee8c2a18c8c26e76bd9a81b8de755d,7c1a15ed-a755-4204-963d-9afc4da81e25
203,EM-3450-WV,3450,WV,EM,2020-03-13T00:00:00.000Z,2020,Biological,COVID-19 ,False,False,True,False,2020-01-20T00:00:00.000Z,2023-05-11T00:00:00.000Z,2020-09-30T00:00:00.000Z,False,54,053,99053,Mason (County),20052,,2023-09-28T23:41:12.686Z,da00ede85cfaed6e4382e8c263ef187789468513,f3d0cb06-a2a1-4183-9aef-edefc3848245
204,EM-3450-WV,3450,WV,EM,2020-03-13T00:00:00.000Z,2020,Biological,COVID-19 ,False,False,True,False,2020-01-20T00:00:00.000Z,2023-05-11T00:00:00.000Z,2020-09-30T00:00:00.000Z,False,54,055,99055,Mercer (County),20052,,2023-09-28T23:41:12.686Z,90e982313c99a8eeab314ede44052bf8b3f8cdd9,705e0c37-0258-4460-990e-3c6a58ee4fec
205,EM-3450-WV,3450,WV,EM,2020-03-13T00:00:00.000Z,2020,Biological,COVID-19 ,False,False,True,False,2020-01-20T00:00:00.000Z,2023-05-11T00:00:00.000Z,2020-09-30T00:00:00.000Z,False,54,057,99057,Mineral (County),20052,,2023-09-28T23:41:12.686Z,57a4fbc1dc2ab21e07225e739ad81edfb20b1897,89e4efb6-3e7e-4b0a-b665-4e31ad4886aa
206,EM-3450-WV,3450,WV,EM,2020-03-13T00:00:00.000Z,2020,Biological,COVID-19 ,False,False,True,False,2020-01-20T00:00:00.000Z,2023-05-11T00:00:00.000Z,2020-09-30T00:00:00.000Z,False,54,059,99059,Mingo (County),20052,,2023-09-28T23:41:12.686Z,05bb69fe0b442453677e4075130ab8bf297df1cf,909d87cf-276a-4b28-b20f-44dce68e9509
207,EM-3450-WV,3450,WV,EM,2020-03-13T00:00:00.000Z,2020,Biological,COVID-19 ,False,False,True,False,2020-01-20T00:00:00.000Z,2023-05-11T00:00:00.000Z,2020-09-30T00:00:00.000Z,False,54,061,99061,Monongalia (County),20052,,2023-09-28T23:41:12.686Z,6f894f668098b2cae2aa130fafd8be9e8f6fe404,5311613b-22aa-4a0b-94a7-928684e02c7f
208,EM-3450-WV,3450,WV,EM,2020-03-13T00:00:00.000Z,2020,Biological,COVID-19 ,False,False,True,False,2020-01-20T00:00:00.000Z,2023-05-11T00:00:00.000Z,2020-09-30T00:00:00.000Z,False,54,063,99063,Monroe (County),20052,,2023-09-28T23:41:12.686Z,da8952ccc67ea2e82ef33a0c76d82e8a7cb9d461,11706ba8-17c7-4528-9c91-5fa0b8a7f6e0
209,EM-3450-WV,3450,WV,EM,2020-03-13T00:00:00.000Z,2020,Biological,COVID-19 ,False,False,True,False,2020-01-20T00:00:00.000Z,2023-05-11T00:00:00.000Z,2020-09-30T00:00:00.000Z,False,54,065,99065,Morgan (County),20052,,2023-09-28T23:41:12.686Z,6e1480b3b10be6c253e9f9623a740d159bceb87e,5e8abe64-4b7a-4dac-a6c4-04758590788d
210,EM-3450-WV,3450,WV,EM,2020-03-13T00:00:00.000Z,2020,Biological,COVID-19 ,False,False,True,False,2020-01-20T00:00:00.000Z,2023-05-11T00:00:00.000Z,2020-09-30T00:00:00.000Z,False,54,067,99067,Nicholas (County),20052,,2023-09-28T23:41:12.686Z,eaa2d9d92a8e4a6750e2d821e4d403a7e75b4fa2,93b5238d-ab9c-4f53-b73d-868deea0861b
211,EM-3450-WV,3450,WV,EM,2020-03-13T00:00:00.000Z,2020,Biological,COVID-19 ,False,False,True,False,2020-01-20T00:00:00.000Z,2023-05-11T00:00:00.000Z,2020-09-30T00:00:00.000Z,False,54,069,99069,Ohio (County),20052,,2023-09-28T23:41:12.686Z,b5081f07b4be11f2b23c2c56f88891d053564177,8aedd168-d982-4efd-a8e9-68c38cd950d3
212,EM-3450-WV,3450,WV,EM,2020-03-13T00:00:00.000Z,2020,Biological,COVID-19 ,False,False,True,False,2020-01-20T00:00:00.000Z,2023-05-11T00:00:00.000Z,2020-09-30T00:00:00.000Z,False,54,071,99071,Pendleton (County),20052,,2023-09-28T23:41:12.686Z,21d8056b9613b7959c05a427ff503305faa03bb2,160aae1a-eea0-45dd-bc35-95e41894d6f6
213,EM-3450-WV,3450,WV,EM,2020-03-13T00:00:00.000Z,2020,Biological,COVID-19 ,False,False,True,False,2020-01-20T00:00:00.000Z,2023-05-11T00:00:00.000Z,2020-09-30T00:00:00.000Z,False,54,073,99073,Pleasants (County),20052,,2023-09-28T23:41:12.686Z,87196ed7afb4ee543975b9265e70c6b932c79dda,4972d5de-01a2-4d0c-817c-9cc8cf2a3094
214,EM-3450-WV,3450,WV,EM,2020-03-13T00:00:00.000Z,2020,Biological,COVID-19 ,False,False,True,False,2020-01-20T00:00:00.000Z,2023-05-11T00:00:00.000Z,2020-09-30T00:00:00.000Z,False,54,075,99075,Pocahontas (County),20052,,2023-09-28T23:41:12.686Z,8706cccf7b02432874fa5a12caed1d2f55c47b04,2b9c9ebf-be04-48d1-80a4-277ef17ef7d3
215,EM-3450-WV,3450,WV,EM,2020-03-13T00:00:00.000Z,2020,Biological,COVID-19 ,False,False,True,False,2020-01-20T00:00:00.000Z,2023-05-11T00:00:00.000Z,2020-09-30T00:00:00.000Z,False,54,077,99077,Preston (County),20052,,2023-09-28T23:41:12.686Z,e3e6bcfcfb52e93cdf35f9ed8fe3461f23862a0a,df71a87b-a921-4ce4-a47b-7528bc196091
216,EM-3450-WV,3450,WV,EM,2020-03-13T00:00:00.000Z,2020,Biological,COVID-19 ,False,False,True,False,2020-01-20T00:00:00.000Z,2023-05-11T00:00:00.000Z,2020-09-30T00:00:00.000Z,False,54,079,99079,Putnam (County),20052,,2023-09-28T23:41:12.686Z,7f53d3b687314d72e0875139dda33c7bedc442c3,a7c45d73-21a3-4594-88be-226cb2268415
217,EM-3450-WV,3450,WV,EM,2020-03-13T00:00:00.000Z,2020,Biological,COVID-19 ,False,False,True,False,2020-01-20T00:00:00.000Z,2023-05-11T00:00:00.000Z,2020-09-30T00:00:00.000Z,False,54,081,99081,Raleigh (County),20052,,2023-09-28T23:41:12.686Z,a0a986b921d0ce024fdc6842b73cf376f87c4aa1,9d156f69-0251-4868-a357-0d36f2665d6a
218,EM-3450-WV,3450,WV,EM,2020-03-13T00:00:00.000Z,2020,Biological,COVID-19 ,False,False,True,False,2020-01-20T00:00:00.000Z,2023-05-11T00:00:00.000Z,2020-09-30T00:00:00.000Z,False,54,083,99083,Randolph (County),20052,,2023-09-28T23:41:12.686Z,17464faf8500d0192a2896dfa2365a053d9acd6e,920a6a42-d88f-4560-8e51-d778e883aef5
219,EM-3450-WV,3450,WV,EM,2020-03-13T00:00:00.000Z,2020,Biological,COVID-19 ,False,False,True,False,2020-01-20T00:00:00.000Z,2023-05-11T00:00:00.000Z,2020-09-30T00:00:00.000Z,False,54,085,99085,Ritchie (County),20052,,2023-09-28T23:41:12.686Z,22e342fcaf976235962af78fb6779ecc81fc2509,fe3264e6-adac-45d4-b651-b554c58ddba5
220,EM-3450-WV,3450,WV,EM,2020-03-13T00:00:00.000Z,2020,Biological,COVID-19 ,False,False,True,False,2020-01-20T00:00:00.000Z,2023-05-11T00:00:00.000Z,2020-09-30T00:00:00.000Z,False,54,087,99087,Roane (County),20052,,2023-09-28T23:41:12.686Z,eb0f4bf98bbf87103219a0547f920a47075360e3,90e97aeb-691c-4b08-961c-cd3587949f22
221,EM-3450-WV,3450,WV,EM,2020-03-13T00:00:00.000Z,2020,Biological,COVID-19 ,False,False,True,False,2020-01-20T00:00:00.000Z,2023-05-11T00:00:00.000Z,2020-09-30T00:00:00.000Z,False,54,089,99089,Summers (County),20052,,2023-09-28T23:41:12.686Z,87d88288fd0b04c40e3545bd64571efe159bd490,c4dccc88-0c02-4f1e-ae1a-5229004f722f
222,EM-3450-WV,3450,WV,EM,2020-03-13T00:00:00.000Z,2020,Biological,COVID-19 ,False,False,True,False,2020-01-20T00:00:00.000Z,2023-05-11T00:00:00.000Z,2020-09-30T00:00:00.000Z,False,54,091,99091,Taylor (County),20052,,2023-09-28T23:41:12.686Z,613f3e7d2f2328a2751b6c981a24855cddea3d89,8ea33281-0b28-413c-9eb7-cb59a1cc4d88
223,EM-3450-WV,3450,WV,EM,2020-03-13T00:00:00.000Z,2020,Biological,COVID-19 ,False,False,True,False,2020-01-20T00:00:00.000Z,2023-05-11T00:00:00.000Z,2020-09-30T00:00:00.000Z,False,54,093,99093,Tucker (County),20052,,2023-09-28T23:41:12.686Z,be8655f52dafe9075267dd69b61685c34391300b,805a2dda-a8cc-48c8-90f6-d5cae487f084
224,EM-3450-WV,3450,WV,EM,2020-03-13T00:00:00.000Z,2020,Biological,COVID-19 ,False,False,True,False,2020-01-20T00:00:00.000Z,2023-05-11T00:00:00.000Z,2020-09-30T00:00:00.000Z,False,54,095,99095,Tyler (County),20052,,2023-09-28T23:41:12.686Z,085dc8356bc2a352405dcafb2de9b58553a03962,10443561-888d-4a28-9e02-ce6c76518506
225,EM-3450-WV,3450,WV,EM,2020-03-13T00:00:00.000Z,2020,Biological,COVID-19 ,False,False,True,False,2020-01-20T00:00:00.000Z,2023-05-11T00:00:00.000Z,2020-09-30T00:00:00.000Z,False,54,097,99097,Upshur (County),20052,,2023-09-28T23:41:12.686Z,4e85de1eae948428ff96a52a853ef285c314719b,6faa3931-36d2-456f-a110-97abf7789bbb
226,EM-3450-WV,3450,WV,EM,2020-03-13T00:00:00.000Z,2020,Biological,COVID-19 ,False,False,True,False,2020-01-20T00:00:00.000Z,2023-05-11T00:00:00.000Z,2020-09-30T00:00:00.000Z,False,54,099,99099,Wayne (County),20052,,2023-09-28T23:41:12.686Z,8f5f127dcb4b5026e171b86dc246f26d877f3096,c0322fb3-ee4a-4cb0-82d4-b02897509198
227,EM-3450-WV,3450,WV,EM,2020-03-13T00:00:00.000Z,2020,Biological,COVID-19 ,False,False,True,False,2020-01-20T00:00:00.000Z,2023-05-11T00:00:00.000Z,2020-09-30T00:00:00.000Z,False,54,101,99101,Webster (County),20052,,2023-09-28T23:41:12.686Z,cbe18da5906162b25b3e36e0b32032c55e303995,d749759e-c694-40e7-a6c8-8ecbfaf5084e
228,EM-3450-WV,3450,WV,EM,2020-03-13T00:00:00.000Z,2020,Biological,COVID-19 ,False,False,True,False,2020-01-20T00:00:00.000Z,2023-05-11T00:00:00.000Z,2020-09-30T00:00:00.000Z,False,54,103,99103,Wetzel (County),20052,,2023-09-28T23:41:12.686Z,22d482a8f4e359bdc1d032dc0113321873ecf777,7b79d817-74ef-44ad-b1f8-3da95001e509
229,EM-3450-WV,3450,WV,EM,2020-03-13T00:00:00.000Z,2020,Biological,COVID-19 ,False,False,True,False,2020-01-20T00:00:00.000Z,2023-05-11T00:00:00.000Z,2020-09-30T00:00:00.000Z,False,54,105,99105,Wirt (County),20052,,2023-09-28T23:41:12.686Z,5a5c297910e320368def4628d19341ef116a5a08,a14571fd-4949-4a9c-83b3-f18208474f1f
230,EM-3450-WV,3450,WV,EM,2020-03-13T00:00:00.000Z,2020,Biological,COVID-19 ,False,False,True,False,2020-01-20T00:00:00.000Z,2023-05-11T00:00:00.000Z,2020-09-30T00:00:00.000Z,False,54,107,99107,Wood (County),20052,,2023-09-28T23:41:12.686Z,b14a6d35490068cb8cc1ba42fd98c12feec2796f,3f820b59-b501-4696-9e61-632e731e55f8
231,EM-3450-WV,3450,WV,EM,2020-03-13T00:00:00.000Z,2020,Biological,COVID-19 ,False,False,True,False,2020-01-20T00:00:00.000Z,2023-05-11T00:00:00.000Z,2020-09-30T00:00:00.000Z,False,54,109,99109,Wyoming (County),20052,,2023-09-28T23:41:12.686Z,760631c37340089298aff58a565d988e9c7a568d,8898aebc-51c4-4d0a-a4df-b42635fe07af
